american-restaurant,menu
Bobo's,Banana Bounty
Bobo's15 – 25min4.2Very good(50+)AmericanBurgers,7up
Bobo's15 – 25min4.2Very good(50+)AmericanBurgers,Apple
Bobo's15 – 25min4.2Very good(50+)AmericanBurgers,Caesar Salad
Bobo's15 – 25min4.2Very good(50+)AmericanBurgers,Carrot
Bobo's15 – 25min4.2Very good(50+)AmericanBurgers,Cheesy Chips
Bobo's15 – 25min4.2Very good(50+)AmericanBurgers,Chicken Goujons & Chips
Bobo's15 – 25min4.2Very good(50+)AmericanBurgers,Chicken Wings
Bobo's15 – 25min4.2Very good(50+)AmericanBurgers,Chilli Cheese Chips
Bobo's15 – 25min4.2Very good(50+)AmericanBurgers,Chips & Coleslaw
Bobo's15 – 25min4.2Very good(50+)AmericanBurgers,Chips & Three Dips
Bobo's15 – 25min4.2Very good(50+)AmericanBurgers,Chocolate (16oz)
Bobo's15 – 25min4.2Very good(50+)AmericanBurgers,Chubby Chips
Bobo's15 – 25min4.2Very good(50+)AmericanBurgers,Club Orange
Bobo's15 – 25min4.2Very good(50+)AmericanBurgers,Coke
Bobo's15 – 25min4.2Very good(50+)AmericanBurgers,Diet 7up
Bobo's15 – 25min4.2Very good(50+)AmericanBurgers,Diet Coke
Bobo's15 – 25min4.2Very good(50+)AmericanBurgers,Energiser
Bobo's15 – 25min4.2Very good(50+)AmericanBurgers,Garlic Chips
Bobo's15 – 25min4.2Very good(50+)AmericanBurgers,Goat's Cheese & Beetroot Salad
Bobo's15 – 25min4.2Very good(50+)AmericanBurgers,Greek Salad
Bobo's15 – 25min4.2Very good(50+)AmericanBurgers,Half and Half
Bobo's15 – 25min4.2Very good(50+)AmericanBurgers,Kids Chicken Goujons and Chips
Bobo's15 – 25min4.2Very good(50+)AmericanBurgers,Mini Burger
Bobo's15 – 25min4.2Very good(50+)AmericanBurgers,Onion Rings
Bobo's15 – 25min4.2Very good(50+)AmericanBurgers,Orange
Bobo's15 – 25min4.2Very good(50+)AmericanBurgers,Rocket & Parmesan
Bobo's15 – 25min4.2Very good(50+)AmericanBurgers,Skinny Chips
Bobo's15 – 25min4.2Very good(50+)AmericanBurgers,Sparkling Water
Bobo's15 – 25min4.2Very good(50+)AmericanBurgers,Special Curry Chips
Bobo's15 – 25min4.2Very good(50+)AmericanBurgers,Still Water
Bobo's15 – 25min4.2Very good(50+)AmericanBurgers,Strawberry (16oz)
Bobo's15 – 25min4.2Very good(50+)AmericanBurgers,Sweet Potato Fries
Bobo's15 – 25min4.2Very good(50+)AmericanBurgers,The 7 Ounce
Bobo's15 – 25min4.2Very good(50+)AmericanBurgers,The Abbey St. Veggie
Bobo's15 – 25min4.2Very good(50+)AmericanBurgers,The Applewood
Bobo's15 – 25min4.2Very good(50+)AmericanBurgers,The Born Happy Chicken
Bobo's15 – 25min4.2Very good(50+)AmericanBurgers,The Born Happy Chicken
Bobo's15 – 25min4.2Very good(50+)AmericanBurgers,The Cajun Chicken
Bobo's15 – 25min4.2Very good(50+)AmericanBurgers,The Cajun Chicken
Bobo's15 – 25min4.2Very good(50+)AmericanBurgers,The Cajun Chicken Wrap
Bobo's15 – 25min4.2Very good(50+)AmericanBurgers,The Cashel
Bobo's15 – 25min4.2Very good(50+)AmericanBurgers,The Cock-A-Doodle-Do
Bobo's15 – 25min4.2Very good(50+)AmericanBurgers,The Cock-A-Doodle-Do
Bobo's15 – 25min4.2Very good(50+)AmericanBurgers,The Conn
Bobo's15 – 25min4.2Very good(50+)AmericanBurgers,The Hawaiian
Bobo's15 – 25min4.2Very good(50+)AmericanBurgers,The Mayo Chicken
Bobo's15 – 25min4.2Very good(50+)AmericanBurgers,The Mayo Chicken
Bobo's15 – 25min4.2Very good(50+)AmericanBurgers,The Mayo Chicken Wrap
Bobo's15 – 25min4.2Very good(50+)AmericanBurgers,The Piri-Piri Chicken Wrap
Bobo's15 – 25min4.2Very good(50+)AmericanBurgers,The Plain Jane
Bobo's15 – 25min4.2Very good(50+)AmericanBurgers,The Portuguese
Bobo's15 – 25min4.2Very good(50+)AmericanBurgers,The Portuguese
Bobo's15 – 25min4.2Very good(50+)AmericanBurgers,The Southern Fried Wrap
Bobo's15 – 25min4.2Very good(50+)AmericanBurgers,The Sun Blush
Bobo's15 – 25min4.2Very good(50+)AmericanBurgers,Vanilla (16oz)
Bobo's15 – 25min4.2Very good(50+)AmericanBurgers,Zinger
,
,
,
,
,
,
,
,
,
,
,
,
,
,
,
,
,
,
,
,
,
,
,
,
,
,
,
,
,
,
,
,
,
,
,
Camden Rotisserie,Herbal Tea
Camden Rotisserie15 – 25min4.5Excellent(50+)AmericanBurgersChickenPowerlist,¼ Rotisserie Chicken (GF)
Camden Rotisserie15 – 25min4.5Excellent(50+)AmericanBurgersChickenPowerlist,½ Rotisserie Chicken (GF)
Camden Rotisserie15 – 25min4.5Excellent(50+)AmericanBurgersChickenPowerlist,12 Pieces
Camden Rotisserie15 – 25min4.5Excellent(50+)AmericanBurgersChickenPowerlist,12 Pieces
Camden Rotisserie15 – 25min4.5Excellent(50+)AmericanBurgersChickenPowerlist,24 Pieces
Camden Rotisserie15 – 25min4.5Excellent(50+)AmericanBurgersChickenPowerlist,24 Pieces
Camden Rotisserie15 – 25min4.5Excellent(50+)AmericanBurgersChickenPowerlist,6oz Prime Irish Steak Sandwich
Camden Rotisserie15 – 25min4.5Excellent(50+)AmericanBurgersChickenPowerlist,7up 330ml
Camden Rotisserie15 – 25min4.5Excellent(50+)AmericanBurgersChickenPowerlist,8° Sunburnt Red Ale
Camden Rotisserie15 – 25min4.5Excellent(50+)AmericanBurgersChickenPowerlist,8º Bohemian Pilsener
Camden Rotisserie15 – 25min4.5Excellent(50+)AmericanBurgersChickenPowerlist,Americano
Camden Rotisserie15 – 25min4.5Excellent(50+)AmericanBurgersChickenPowerlist,Apple Juice
Camden Rotisserie15 – 25min4.5Excellent(50+)AmericanBurgersChickenPowerlist,Ballygowan Sparkling Water 500ml
Camden Rotisserie15 – 25min4.5Excellent(50+)AmericanBurgersChickenPowerlist,Ballygowan Still Water 500ml
Camden Rotisserie15 – 25min4.5Excellent(50+)AmericanBurgersChickenPowerlist,Barbeque (GF)
Camden Rotisserie15 – 25min4.5Excellent(50+)AmericanBurgersChickenPowerlist,Beer Battered Onion Rings (V)
Camden Rotisserie15 – 25min4.5Excellent(50+)AmericanBurgersChickenPowerlist,Blue Cheese (GF)
Camden Rotisserie15 – 25min4.5Excellent(50+)AmericanBurgersChickenPowerlist,Boneless Wings
Camden Rotisserie15 – 25min4.5Excellent(50+)AmericanBurgersChickenPowerlist,Boneless Wings
Camden Rotisserie15 – 25min4.5Excellent(50+)AmericanBurgersChickenPowerlist,Breakfast Tea
Camden Rotisserie15 – 25min4.5Excellent(50+)AmericanBurgersChickenPowerlist,Buffalo Chicken Salad
Camden Rotisserie15 – 25min4.5Excellent(50+)AmericanBurgersChickenPowerlist,Buffalo Original (Medium) (GF)
Camden Rotisserie15 – 25min4.5Excellent(50+)AmericanBurgersChickenPowerlist,Bulmers 330ml
Camden Rotisserie15 – 25min4.5Excellent(50+)AmericanBurgersChickenPowerlist,Butterfly Chicken (GF)
Camden Rotisserie15 – 25min4.5Excellent(50+)AmericanBurgersChickenPowerlist,Cabernet Sauvignon Bottle
Camden Rotisserie15 – 25min4.5Excellent(50+)AmericanBurgersChickenPowerlist,Cabernet Sauvignon Glass
Camden Rotisserie15 – 25min4.5Excellent(50+)AmericanBurgersChickenPowerlist,Caesar Salad
Camden Rotisserie15 – 25min4.5Excellent(50+)AmericanBurgersChickenPowerlist,Cajun Chicken
Camden Rotisserie15 – 25min4.5Excellent(50+)AmericanBurgersChickenPowerlist,Cajun Sauce
Camden Rotisserie15 – 25min4.5Excellent(50+)AmericanBurgersChickenPowerlist,Cappucino
Camden Rotisserie15 – 25min4.5Excellent(50+)AmericanBurgersChickenPowerlist,Caprese Salad (V) (GF)
Camden Rotisserie15 – 25min4.5Excellent(50+)AmericanBurgersChickenPowerlist,Chargrilled Chicken
Camden Rotisserie15 – 25min4.5Excellent(50+)AmericanBurgersChickenPowerlist,Cheesecake of the Day
Camden Rotisserie15 – 25min4.5Excellent(50+)AmericanBurgersChickenPowerlist,Chicken and Spinach Salad (GF)
Camden Rotisserie15 – 25min4.5Excellent(50+)AmericanBurgersChickenPowerlist,Chicken Caesar
Camden Rotisserie15 – 25min4.5Excellent(50+)AmericanBurgersChickenPowerlist,Chicken Schnitzel
Camden Rotisserie15 – 25min4.5Excellent(50+)AmericanBurgersChickenPowerlist,Chicken Tenders (Large)
Camden Rotisserie15 – 25min4.5Excellent(50+)AmericanBurgersChickenPowerlist,Chicken Tenders (Regular)
Camden Rotisserie15 – 25min4.5Excellent(50+)AmericanBurgersChickenPowerlist,Chocolate
Camden Rotisserie15 – 25min4.5Excellent(50+)AmericanBurgersChickenPowerlist,Chocolate Fudge Brownie
Camden Rotisserie15 – 25min4.5Excellent(50+)AmericanBurgersChickenPowerlist,Club Orange 330ml
Camden Rotisserie15 – 25min4.5Excellent(50+)AmericanBurgersChickenPowerlist,Club Rock Shandy 330ml
Camden Rotisserie15 – 25min4.5Excellent(50+)AmericanBurgersChickenPowerlist,Coca Cola 330ml
Camden Rotisserie15 – 25min4.5Excellent(50+)AmericanBurgersChickenPowerlist,Coke Zero 330ml
Camden Rotisserie15 – 25min4.5Excellent(50+)AmericanBurgersChickenPowerlist,Coors Light
Camden Rotisserie15 – 25min4.5Excellent(50+)AmericanBurgersChickenPowerlist,Corn on the Cob (V) (GF)
Camden Rotisserie15 – 25min4.5Excellent(50+)AmericanBurgersChickenPowerlist,Corona
Camden Rotisserie15 – 25min4.5Excellent(50+)AmericanBurgersChickenPowerlist,Diet 7up 330ml
Camden Rotisserie15 – 25min4.5Excellent(50+)AmericanBurgersChickenPowerlist,Diet Coke 330ml
Camden Rotisserie15 – 25min4.5Excellent(50+)AmericanBurgersChickenPowerlist,Double Espresso
Camden Rotisserie15 – 25min4.5Excellent(50+)AmericanBurgersChickenPowerlist,Espresso
Camden Rotisserie15 – 25min4.5Excellent(50+)AmericanBurgersChickenPowerlist,Farmhouse Vegetable Soup (V)
Camden Rotisserie15 – 25min4.5Excellent(50+)AmericanBurgersChickenPowerlist,Fine Green Beans (V) (GF)
Camden Rotisserie15 – 25min4.5Excellent(50+)AmericanBurgersChickenPowerlist,Flat White
Camden Rotisserie15 – 25min4.5Excellent(50+)AmericanBurgersChickenPowerlist,Garlic Bread (V)
Camden Rotisserie15 – 25min4.5Excellent(50+)AmericanBurgersChickenPowerlist,Garlic Bread (V)
Camden Rotisserie15 – 25min4.5Excellent(50+)AmericanBurgersChickenPowerlist,Garlic Mayonnaise (GF)
Camden Rotisserie15 – 25min4.5Excellent(50+)AmericanBurgersChickenPowerlist,Ginger Beer
Camden Rotisserie15 – 25min4.5Excellent(50+)AmericanBurgersChickenPowerlist,Goats Cheese Salad (V) (GF)
Camden Rotisserie15 – 25min4.5Excellent(50+)AmericanBurgersChickenPowerlist,Gravy (GF)
Camden Rotisserie15 – 25min4.5Excellent(50+)AmericanBurgersChickenPowerlist,Hand Cut Fries (V)
Camden Rotisserie15 – 25min4.5Excellent(50+)AmericanBurgersChickenPowerlist,Happy Days I.P.A
Camden Rotisserie15 – 25min4.5Excellent(50+)AmericanBurgersChickenPowerlist,Heineken
Camden Rotisserie15 – 25min4.5Excellent(50+)AmericanBurgersChickenPowerlist,Home Baked Apple Pie
Camden Rotisserie15 – 25min4.5Excellent(50+)AmericanBurgersChickenPowerlist,Home-made Coleslaw (V)
Camden Rotisserie15 – 25min4.5Excellent(50+)AmericanBurgersChickenPowerlist,Hot Chocolate
Camden Rotisserie15 – 25min4.5Excellent(50+)AmericanBurgersChickenPowerlist,Ice Cream Sundae
Camden Rotisserie15 – 25min4.5Excellent(50+)AmericanBurgersChickenPowerlist,Latte
Camden Rotisserie15 – 25min4.5Excellent(50+)AmericanBurgersChickenPowerlist,Malbec Bottle
Camden Rotisserie15 – 25min4.5Excellent(50+)AmericanBurgersChickenPowerlist,Mashed Potato (V) (GF)
Camden Rotisserie15 – 25min4.5Excellent(50+)AmericanBurgersChickenPowerlist,Meat Platter (GF)
Camden Rotisserie15 – 25min4.5Excellent(50+)AmericanBurgersChickenPowerlist,Melted Goats Cheese (V)
Camden Rotisserie15 – 25min4.5Excellent(50+)AmericanBurgersChickenPowerlist,Moët & Chandon
Camden Rotisserie15 – 25min4.5Excellent(50+)AmericanBurgersChickenPowerlist,Nestea Lemon 500ml
Camden Rotisserie15 – 25min4.5Excellent(50+)AmericanBurgersChickenPowerlist,Orange Juice
Camden Rotisserie15 – 25min4.5Excellent(50+)AmericanBurgersChickenPowerlist,Pinot Grigio Bottle
Camden Rotisserie15 – 25min4.5Excellent(50+)AmericanBurgersChickenPowerlist,Piri Piri (Hot) (GF)
Camden Rotisserie15 – 25min4.5Excellent(50+)AmericanBurgersChickenPowerlist,Prosecco Snipe
Camden Rotisserie15 – 25min4.5Excellent(50+)AmericanBurgersChickenPowerlist,Pulled Chicken
Camden Rotisserie15 – 25min4.5Excellent(50+)AmericanBurgersChickenPowerlist,Rioja Bottle
Camden Rotisserie15 – 25min4.5Excellent(50+)AmericanBurgersChickenPowerlist,Sauvignon Blanc Bottle
Camden Rotisserie15 – 25min4.5Excellent(50+)AmericanBurgersChickenPowerlist,Sauvignon Blanc Glass
Camden Rotisserie15 – 25min4.5Excellent(50+)AmericanBurgersChickenPowerlist,Shiraz Bottle
Camden Rotisserie15 – 25min4.5Excellent(50+)AmericanBurgersChickenPowerlist,Side Salad (V) (GF)
Camden Rotisserie15 – 25min4.5Excellent(50+)AmericanBurgersChickenPowerlist,Skewers (GF)
Camden Rotisserie15 – 25min4.5Excellent(50+)AmericanBurgersChickenPowerlist,Spicy Nachos (V) (GF)
Camden Rotisserie15 – 25min4.5Excellent(50+)AmericanBurgersChickenPowerlist,Spicy Rice (V)
Camden Rotisserie15 – 25min4.5Excellent(50+)AmericanBurgersChickenPowerlist,Steak and Eggs (GF)
Camden Rotisserie15 – 25min4.5Excellent(50+)AmericanBurgersChickenPowerlist,Sticky Toffee Pudding
Camden Rotisserie15 – 25min4.5Excellent(50+)AmericanBurgersChickenPowerlist,Strawberry
Camden Rotisserie15 – 25min4.5Excellent(50+)AmericanBurgersChickenPowerlist,Sweet Potato Fries (V)
Camden Rotisserie15 – 25min4.5Excellent(50+)AmericanBurgersChickenPowerlist,The Americano Burger
Camden Rotisserie15 – 25min4.5Excellent(50+)AmericanBurgersChickenPowerlist,The Bacon Cheese Burger
Camden Rotisserie15 – 25min4.5Excellent(50+)AmericanBurgersChickenPowerlist,The Buffalo Burger
Camden Rotisserie15 – 25min4.5Excellent(50+)AmericanBurgersChickenPowerlist,The Camden Club
Camden Rotisserie15 – 25min4.5Excellent(50+)AmericanBurgersChickenPowerlist,The Cheese Burger
Camden Rotisserie15 – 25min4.5Excellent(50+)AmericanBurgersChickenPowerlist,The Chicken Avocado
Camden Rotisserie15 – 25min4.5Excellent(50+)AmericanBurgersChickenPowerlist,The Chicken Fillet Burger
Camden Rotisserie15 – 25min4.5Excellent(50+)AmericanBurgersChickenPowerlist,The Dirty Burger
Camden Rotisserie15 – 25min4.5Excellent(50+)AmericanBurgersChickenPowerlist,The Great Western Burger
Camden Rotisserie15 – 25min4.5Excellent(50+)AmericanBurgersChickenPowerlist,The Hawaiian Burger
Camden Rotisserie15 – 25min4.5Excellent(50+)AmericanBurgersChickenPowerlist,The House Salad (GF)
Camden Rotisserie15 – 25min4.5Excellent(50+)AmericanBurgersChickenPowerlist,The Italian Style Burger
Camden Rotisserie15 – 25min4.5Excellent(50+)AmericanBurgersChickenPowerlist,The Mexicano Burger
Camden Rotisserie15 – 25min4.5Excellent(50+)AmericanBurgersChickenPowerlist,The Protein Platter (GF)
Camden Rotisserie15 – 25min4.5Excellent(50+)AmericanBurgersChickenPowerlist,The Southern Fried Burger
Camden Rotisserie15 – 25min4.5Excellent(50+)AmericanBurgersChickenPowerlist,The Vegetarian Burger (V)
Camden Rotisserie15 – 25min4.5Excellent(50+)AmericanBurgersChickenPowerlist,Vanilla
Camden Rotisserie15 – 25min4.5Excellent(50+)AmericanBurgersChickenPowerlist,Whole Rotisserie Chicken (GF)
Camden Rotisserie15 – 25min4.5Excellent(50+)AmericanBurgersChickenPowerlist,Wunderbar I.P.A
Camden Rotisserie15 – 25min4.5Excellent(50+)AmericanBurgersChickenPowerlist,Yankee White I.P.A
Chick'n Lick'n15 – 25min4.3Very good(50+)BurgersChickenAmerican,1 Piece
Chick'n Lick'n15 – 25min4.3Very good(50+)BurgersChickenAmerican,1 Piece Chicken
Chick'n Lick'n15 – 25min4.3Very good(50+)BurgersChickenAmerican,1.25Ltr Bottle
Chick'n Lick'n15 – 25min4.3Very good(50+)BurgersChickenAmerican,1/2 Grilled Chicken
Chick'n Lick'n15 – 25min4.3Very good(50+)BurgersChickenAmerican,2 Piece
Chick'n Lick'n15 – 25min4.3Very good(50+)BurgersChickenAmerican,2 Strip Burgers
Chick'n Lick'n15 – 25min4.3Very good(50+)BurgersChickenAmerican,3 Chicken Strips
Chick'n Lick'n15 – 25min4.3Very good(50+)BurgersChickenAmerican,3 Chicken Wings
Chick'n Lick'n15 – 25min4.3Very good(50+)BurgersChickenAmerican,3 Piece
Chick'n Lick'n15 – 25min4.3Very good(50+)BurgersChickenAmerican,4 Piece
Chick'n Lick'n15 – 25min4.3Very good(50+)BurgersChickenAmerican,6 Chicken Strips
Chick'n Lick'n15 – 25min4.3Very good(50+)BurgersChickenAmerican,6 Chicken Wings
Chick'n Lick'n15 – 25min4.3Very good(50+)BurgersChickenAmerican,BBQ
Chick'n Lick'n15 – 25min4.3Very good(50+)BurgersChickenAmerican,Beans
Chick'n Lick'n15 – 25min4.3Very good(50+)BurgersChickenAmerican,Boneless Box
Chick'n Lick'n15 – 25min4.3Very good(50+)BurgersChickenAmerican,Boneless Strips Meal
Chick'n Lick'n15 – 25min4.3Very good(50+)BurgersChickenAmerican,Boneless Strips Meal
Chick'n Lick'n15 – 25min4.3Very good(50+)BurgersChickenAmerican,Boneless Strips Single
Chick'n Lick'n15 – 25min4.3Very good(50+)BurgersChickenAmerican,Boneless Strips Single
Chick'n Lick'n15 – 25min4.3Very good(50+)BurgersChickenAmerican,Cans
Chick'n Lick'n15 – 25min4.3Very good(50+)BurgersChickenAmerican,Cheese Burger
Chick'n Lick'n15 – 25min4.3Very good(50+)BurgersChickenAmerican,Chick n Lickn Special
Chick'n Lick'n15 – 25min4.3Very good(50+)BurgersChickenAmerican,Chick n Lickn XL
Chick'n Lick'n15 – 25min4.3Very good(50+)BurgersChickenAmerican,Chicken Burger
Chick'n Lick'n15 – 25min4.3Very good(50+)BurgersChickenAmerican,Chicken Gravy
Chick'n Lick'n15 – 25min4.3Very good(50+)BurgersChickenAmerican,Chicken Gravy
Chick'n Lick'n15 – 25min4.3Very good(50+)BurgersChickenAmerican,Chicken Salad Box
Chick'n Lick'n15 – 25min4.3Very good(50+)BurgersChickenAmerican,Chick'n Tortilla
Chick'n Lick'n15 – 25min4.3Very good(50+)BurgersChickenAmerican,Chick'n Tortilla Meal
Chick'n Lick'n15 – 25min4.3Very good(50+)BurgersChickenAmerican,Chilli
Chick'n Lick'n15 – 25min4.3Very good(50+)BurgersChickenAmerican,Coleslaw
Chick'n Lick'n15 – 25min4.3Very good(50+)BurgersChickenAmerican,Coleslaw
Chick'n Lick'n15 – 25min4.3Very good(50+)BurgersChickenAmerican,Combo Meal
Chick'n Lick'n15 – 25min4.3Very good(50+)BurgersChickenAmerican,Combo Meal
Chick'n Lick'n15 – 25min4.3Very good(50+)BurgersChickenAmerican,Corn on the Cob
Chick'n Lick'n15 – 25min4.3Very good(50+)BurgersChickenAmerican,Corn on the Cob
Chick'n Lick'n15 – 25min4.3Very good(50+)BurgersChickenAmerican,Double Gourmet Burger
Chick'n Lick'n15 – 25min4.3Very good(50+)BurgersChickenAmerican,Double Gourmet Burger Meal
Chick'n Lick'n15 – 25min4.3Very good(50+)BurgersChickenAmerican,Family Mix
Chick'n Lick'n15 – 25min4.3Very good(50+)BurgersChickenAmerican,Family Mix
Chick'n Lick'n15 – 25min4.3Very good(50+)BurgersChickenAmerican,Fillet Burger
Chick'n Lick'n15 – 25min4.3Very good(50+)BurgersChickenAmerican,Fries
Chick'n Lick'n15 – 25min4.3Very good(50+)BurgersChickenAmerican,Fries
Chick'n Lick'n15 – 25min4.3Very good(50+)BurgersChickenAmerican,Garlic
Chick'n Lick'n15 – 25min4.3Very good(50+)BurgersChickenAmerican,Grilled Peri Peri Burger
Chick'n Lick'n15 – 25min4.3Very good(50+)BurgersChickenAmerican,Grilled Peri Peri Wrap
Chick'n Lick'n15 – 25min4.3Very good(50+)BurgersChickenAmerican,Hot Wings Meal
Chick'n Lick'n15 – 25min4.3Very good(50+)BurgersChickenAmerican,Hot Wings Meal
Chick'n Lick'n15 – 25min4.3Very good(50+)BurgersChickenAmerican,Hot Wings Single
Chick'n Lick'n15 – 25min4.3Very good(50+)BurgersChickenAmerican,Hot Wings Single
Chick'n Lick'n15 – 25min4.3Very good(50+)BurgersChickenAmerican,Mega Mix Burger
Chick'n Lick'n15 – 25min4.3Very good(50+)BurgersChickenAmerican,Mega Platter
Chick'n Lick'n15 – 25min4.3Very good(50+)BurgersChickenAmerican,Mini Bucket
Chick'n Lick'n15 – 25min4.3Very good(50+)BurgersChickenAmerican,Mini Bucket
Chick'n Lick'n15 – 25min4.3Very good(50+)BurgersChickenAmerican,Mix Salad
Chick'n Lick'n15 – 25min4.3Very good(50+)BurgersChickenAmerican,Mixed Platter
Chick'n Lick'n15 – 25min4.3Very good(50+)BurgersChickenAmerican,Nuggets or Popcorn
Chick'n Lick'n15 – 25min4.3Very good(50+)BurgersChickenAmerican,Party bucket
Chick'n Lick'n15 – 25min4.3Very good(50+)BurgersChickenAmerican,Party bucket
Chick'n Lick'n15 – 25min4.3Very good(50+)BurgersChickenAmerican,Peri Peri
Chick'n Lick'n15 – 25min4.3Very good(50+)BurgersChickenAmerican,Peri Peri
Chick'n Lick'n15 – 25min4.3Very good(50+)BurgersChickenAmerican,Peri Peri Fries
Chick'n Lick'n15 – 25min4.3Very good(50+)BurgersChickenAmerican,Peri Peri Meal
Chick'n Lick'n15 – 25min4.3Very good(50+)BurgersChickenAmerican,Popcorn Chicken
Chick'n Lick'n15 – 25min4.3Very good(50+)BurgersChickenAmerican,Rice
Chick'n Lick'n15 – 25min4.3Very good(50+)BurgersChickenAmerican,Rice with Strips
Chick'n Lick'n15 – 25min4.3Very good(50+)BurgersChickenAmerican,Sheek Kebab
Chick'n Lick'n15 – 25min4.3Very good(50+)BurgersChickenAmerican,Sheek Kebab Meal
Chick'n Lick'n15 – 25min4.3Very good(50+)BurgersChickenAmerican,Single Gourmet Burger
Chick'n Lick'n15 – 25min4.3Very good(50+)BurgersChickenAmerican,Single Gourmet Burger Meal
Chick'n Lick'n15 – 25min4.3Very good(50+)BurgersChickenAmerican,Single Platter
Chick'n Lick'n15 – 25min4.3Very good(50+)BurgersChickenAmerican,Strips Platter
Chick'n Lick'n15 – 25min4.3Very good(50+)BurgersChickenAmerican,Supreme Burger
Chick'n Lick'n15 – 25min4.3Very good(50+)BurgersChickenAmerican,Sweet Chilli
Chick'n Lick'n15 – 25min4.3Very good(50+)BurgersChickenAmerican,Sweet Chilli Meal
Chick'n Lick'n15 – 25min4.3Very good(50+)BurgersChickenAmerican,Value Box Meal
Chick'n Lick'n15 – 25min4.3Very good(50+)BurgersChickenAmerican,Value Box Meal
Chick'n Lick'n15 – 25min4.3Very good(50+)BurgersChickenAmerican,Vegi Burger
Chick'n Lick'n15 – 25min4.3Very good(50+)BurgersChickenAmerican,Water
Chick'n Lick'n15 – 25min4.3Very good(50+)BurgersChickenAmerican,Whole Grilled Chicken
Chick'n Lick'n15 – 25min4.3Very good(50+)BurgersChickenAmerican,Wings Platter
Chick'n Lick'n15 – 25min4.3Very good(50+)BurgersChickenAmerican,Zingar Burger
,
,
,
,
,
,
,
,
,
,
,
,
,
,
,
,
,
,
,
,
,
,
,
,
,
,
,
,
,
,
,
,
,
,
,
,
,
,
,
,
,
,
,
,
,
,
,
,
,
,
,
,
,
,
,
,
,
,
,
,
,
,
,
,
,
,
,
,
,
,
,
,
,
,
,
,
,
,
,
,
,
,
,
,
,
,
,
,
,
,
,
,
,
,
,
,
,
,
,
,
,
,
,
,
,
,
,
,
,
,
,
,
,
,
,
,
,
,
,
Eddie Rocket's Diner15 – 25min4.1Good(50+)BurgersAmerican,Bacon & Cheese Fries (m)
Eddie Rocket's Diner15 – 25min4.1Good(50+)BurgersAmerican,"Bacon & Cheese Tater Tots (m)(Cereals (Gluten, Wheat))"
Eddie Rocket's Diner15 – 25min4.1Good(50+)BurgersAmerican,"Bacon Big Boy (m)(Cereals (Gluten, Wheat))(e)(s)(se)"
Eddie Rocket's Diner15 – 25min4.1Good(50+)BurgersAmerican,"Bacon Cheddar (m)(mu)(Cereals (Gluten, Wheat, Rye, Barley & Oats))(n)(e)(s)(se)(sd)"
Eddie Rocket's Diner15 – 25min4.1Good(50+)BurgersAmerican,Bacon Cheddar Combo Meal
Eddie Rocket's Diner15 – 25min4.1Good(50+)BurgersAmerican,Blended Hamburger in a Bowl
Eddie Rocket's Diner15 – 25min4.1Good(50+)BurgersAmerican,Blue Cheese (m)(mu)(e)
Eddie Rocket's Diner15 – 25min4.1Good(50+)BurgersAmerican,Buffalo Chicken Wings
Eddie Rocket's Diner15 – 25min4.1Good(50+)BurgersAmerican,"Cajun (mu)(Cereals (Gluten, Wheat))(s)"
Eddie Rocket's Diner15 – 25min4.1Good(50+)BurgersAmerican,"Cheeeze Pleeeze (S) (m)(mu)(Cereals (Gluten, Wheat, Rye, Barley & Oats))(n)(e)(s)(se)(sd)"
Eddie Rocket's Diner15 – 25min4.1Good(50+)BurgersAmerican,Cheeeze Pleeeze Combo Meal (S)
Eddie Rocket's Diner15 – 25min4.1Good(50+)BurgersAmerican,"Cheeezy Chicken (m)(mu)( Cereals (Gluten, Wheat, Rye, Barley & Oats))(n)(e)(s)(se)"
Eddie Rocket's Diner15 – 25min4.1Good(50+)BurgersAmerican,Cheeezy Chicken Combo Meal
Eddie Rocket's Diner15 – 25min4.1Good(50+)BurgersAmerican,Cheese (m)
Eddie Rocket's Diner15 – 25min4.1Good(50+)BurgersAmerican,"Cheese Dog (m)(Cereals (Gluten, Wheat))(e)(s)(se)"
Eddie Rocket's Diner15 – 25min4.1Good(50+)BurgersAmerican,Cheese Fries (m)
Eddie Rocket's Diner15 – 25min4.1Good(50+)BurgersAmerican,"Chicken Fillet (m)(mu)( Cereals (Gluten, Wheat, Rye, Barley & Oats))(n)(e)(s)(se)"
Eddie Rocket's Diner15 – 25min4.1Good(50+)BurgersAmerican,Chicken Fillet Combo Meal
Eddie Rocket's Diner15 – 25min4.1Good(50+)BurgersAmerican,Chicken in a Bowl (m)
Eddie Rocket's Diner15 – 25min4.1Good(50+)BurgersAmerican,"Chilli Dog (m)(Cereals (Gluten, Wheat)(e)(s)(se)"
Eddie Rocket's Diner15 – 25min4.1Good(50+)BurgersAmerican,"Chilli Fries (m)(Cereals (Gluten, Wheat))"
Eddie Rocket's Diner15 – 25min4.1Good(50+)BurgersAmerican,Chipotle (mu)(e)
Eddie Rocket's Diner15 – 25min4.1Good(50+)BurgersAmerican,Chocolate (n)(m)
Eddie Rocket's Diner15 – 25min4.1Good(50+)BurgersAmerican,"Chocolate Brownie (n)(m)(Cereals (Gluten, Wheat)(e)(s)"
Eddie Rocket's Diner15 – 25min4.1Good(50+)BurgersAmerican,"Chunky Chicken Nuggets Meal (Cereals (Gluten, Wheat Flour))(e)"
Eddie Rocket's Diner15 – 25min4.1Good(50+)BurgersAmerican,Coca Cola (500ml)
Eddie Rocket's Diner15 – 25min4.1Good(50+)BurgersAmerican,"Crispy Chicken Club Salad (f)(ce)(mu)( Cereals (Gluten, Wheat Flour))(e)(s)(sd)"
Eddie Rocket's Diner15 – 25min4.1Good(50+)BurgersAmerican,Deli Sauce (mu)(e)
Eddie Rocket's Diner15 – 25min4.1Good(50+)BurgersAmerican,Diet Coke (500ml)
Eddie Rocket's Diner15 – 25min4.1Good(50+)BurgersAmerican,"Double Take (m)(mu)(Cereals (Gluten, Wheat, Rye, Barley & Oats))(n)(e)(s)(se)(sd)"
Eddie Rocket's Diner15 – 25min4.1Good(50+)BurgersAmerican,Double Take Combo Meal
Eddie Rocket's Diner15 – 25min4.1Good(50+)BurgersAmerican,Family Special
Eddie Rocket's Diner15 – 25min4.1Good(50+)BurgersAmerican,Family Special
Eddie Rocket's Diner15 – 25min4.1Good(50+)BurgersAmerican,Fanta (500ml)
Eddie Rocket's Diner15 – 25min4.1Good(50+)BurgersAmerican,"Ferrero Rocher (n)(m)(Cereals (Gluten, Wheat)(e)(s)"
Eddie Rocket's Diner15 – 25min4.1Good(50+)BurgersAmerican,Franks Red Hot (m)
Eddie Rocket's Diner15 – 25min4.1Good(50+)BurgersAmerican,Garlic & Cheese Fries (m)(mu)(e)
Eddie Rocket's Diner15 – 25min4.1Good(50+)BurgersAmerican,Garlic (mu)(e)
Eddie Rocket's Diner15 – 25min4.1Good(50+)BurgersAmerican,Garlic Fries (mu)(e)
Eddie Rocket's Diner15 – 25min4.1Good(50+)BurgersAmerican,"Garlic Mushrooms (mu)(Cereals (Gluten, Wheat Flour, Maize Flour, Barley, Oats & Rye))(e)(sd)"
Eddie Rocket's Diner15 – 25min4.1Good(50+)BurgersAmerican,Grilled Chicken Club Salad (m)
Eddie Rocket's Diner15 – 25min4.1Good(50+)BurgersAmerican,Hamburger in a Bowl (m)(sd)
Eddie Rocket's Diner15 – 25min4.1Good(50+)BurgersAmerican,"Jalapeño Popper (m)(mu)(Cereals (Gluten, Wheat, Rye, Barley & Oats))(n)(e)(s)(se)(sd)"
Eddie Rocket's Diner15 – 25min4.1Good(50+)BurgersAmerican,Jalapeño Popper Combo Meal
Eddie Rocket's Diner15 – 25min4.1Good(50+)BurgersAmerican,"Kinder Bueno (n)(m)(Cereals (Gluten, Wheat)(e)(s)"
Eddie Rocket's Diner15 – 25min4.1Good(50+)BurgersAmerican,"Little Rockets Hamburger Meal (m)(Cereals (Gluten, Wheat Flour))(e)(s)(se)(sd)"
Eddie Rocket's Diner15 – 25min4.1Good(50+)BurgersAmerican,"Little Rockets Hot Dog Meal (m)(Cereals (Gluten, Wheat Flour))(e)(s)(se)"
Eddie Rocket's Diner15 – 25min4.1Good(50+)BurgersAmerican,"M50  (m)(mu)(Cereals (Gluten, Wheat, Rye, Barley & Oats))(n)(e)(s)(se)(sd)"
Eddie Rocket's Diner15 – 25min4.1Good(50+)BurgersAmerican,M50 Combo Meal
Eddie Rocket's Diner15 – 25min4.1Good(50+)BurgersAmerican,Mint Aero (n)(m)(s)
Eddie Rocket's Diner15 – 25min4.1Good(50+)BurgersAmerican,Mint Choc Chip (n)(m)(s)
Eddie Rocket's Diner15 – 25min4.1Good(50+)BurgersAmerican,Orange Julius (n)(m)
Eddie Rocket's Diner15 – 25min4.1Good(50+)BurgersAmerican,"Oreo Cookie (n)(m)(Cereals (Gluten, Wheat))(s)"
Eddie Rocket's Diner15 – 25min4.1Good(50+)BurgersAmerican,Original Hot Dog
Eddie Rocket's Diner15 – 25min4.1Good(50+)BurgersAmerican,Regular Fries
Eddie Rocket's Diner15 – 25min4.1Good(50+)BurgersAmerican,"Rocket Rings (mu)(Cereals (Gluten, Wheat Flour, Maize Flour, Barley, Oats & Rye))(e)(sd)"
Eddie Rocket's Diner15 – 25min4.1Good(50+)BurgersAmerican,"Smokestack (f)(m)(mu)(Cereals (Gluten, Wheat, Rye, Barley & Oats, Maize Flour, Tapioca & Yeast))(n)(e)(s)(se)(sd)"
Eddie Rocket's Diner15 – 25min4.1Good(50+)BurgersAmerican,Smokestack Combo Meal
Eddie Rocket's Diner15 – 25min4.1Good(50+)BurgersAmerican,"Southern Fried Chicken Fillet (p)(f)(m)(ce)( Cereals (Gluten, Wheat Flour, Rye, Barley & Oats))(n)(e)(s)(se)(sd)"
Eddie Rocket's Diner15 – 25min4.1Good(50+)BurgersAmerican,Southern Fried Chicken Fillet Combo Meal
Eddie Rocket's Diner15 – 25min4.1Good(50+)BurgersAmerican,"Southern Fried Chicken Tenders (f)(ce)(mu)(Cereals (Gluten, Wheat Flour))(n)(e)(s)(sd)"
Eddie Rocket's Diner15 – 25min4.1Good(50+)BurgersAmerican,Sprite (500ml)
Eddie Rocket's Diner15 – 25min4.1Good(50+)BurgersAmerican,Strawberry (n)(m)
Eddie Rocket's Diner15 – 25min4.1Good(50+)BurgersAmerican,Sweet Chilli
Eddie Rocket's Diner15 – 25min4.1Good(50+)BurgersAmerican,Sweet Potato Fries
Eddie Rocket's Diner15 – 25min4.1Good(50+)BurgersAmerican,"The Classic (m)(mu)(Cereals (Gluten, Wheat, Rye, Barley & Oats))(n)(e)(s)(se)(sd)"
Eddie Rocket's Diner15 – 25min4.1Good(50+)BurgersAmerican,The Classic Combo Meal
Eddie Rocket's Diner15 – 25min4.1Good(50+)BurgersAmerican,"The Veggie (m)(mu)( Cereals (Gluten, Wheat, Rye, Barley, Oats & Rye Malt Flour))(n)(e)(s)(se)"
Eddie Rocket's Diner15 – 25min4.1Good(50+)BurgersAmerican,The Veggie in a Bowl (V)(m)
Eddie Rocket's Diner15 – 25min4.1Good(50+)BurgersAmerican,The Veggie Potato Veggie Combo Meal
Eddie Rocket's Diner15 – 25min4.1Good(50+)BurgersAmerican,Vanilla (n)(m)
,
,
,
,
,
,
,
,
,
,
,
,
,
,
,
,
,
,
,
,
,
,
,
,
,
,
,
,
,
,
,
,
,
,
,
,
,
,
,
,
,
,
,
,
,
,
,
,
,
,
,
,
,
,
,
,
,
,
,
,
,
,
,
,
,
,
,
,
,
,
,
,
,
,
,
,
,
,
,
,
,
,
,
,
,
,
,
,
,
,
,
,
,
,
,
,
,
,
,
,
,
,
,
,
,
,
,
,
,
,
,
,
,
,
Five Guys20 – 30min4.3Very good(50+)BurgersAmericanMilkshakesPowerlist,Bacon Burger
Five Guys20 – 30min4.3Very good(50+)BurgersAmericanMilkshakesPowerlist,Bacon Cheeseburger
Five Guys20 – 30min4.3Very good(50+)BurgersAmericanMilkshakesPowerlist,BLT
Five Guys20 – 30min4.3Very good(50+)BurgersAmericanMilkshakesPowerlist,BLT
Five Guys20 – 30min4.3Very good(50+)BurgersAmericanMilkshakesPowerlist,BLT with Cheese
Five Guys20 – 30min4.3Very good(50+)BurgersAmericanMilkshakesPowerlist,BLT with Cheese
Five Guys20 – 30min4.3Very good(50+)BurgersAmericanMilkshakesPowerlist,Cheese Veggie Sandwich
Five Guys20 – 30min4.3Very good(50+)BurgersAmericanMilkshakesPowerlist,Cheese Veggie Sandwich
Five Guys20 – 30min4.3Very good(50+)BurgersAmericanMilkshakesPowerlist,Cheeseburger
Five Guys20 – 30min4.3Very good(50+)BurgersAmericanMilkshakesPowerlist,Coke
Five Guys20 – 30min4.3Very good(50+)BurgersAmericanMilkshakesPowerlist,Coke Zero
Five Guys20 – 30min4.3Very good(50+)BurgersAmericanMilkshakesPowerlist,Fanta Orange
Five Guys20 – 30min4.3Very good(50+)BurgersAmericanMilkshakesPowerlist,Five Guys Shake
Five Guys20 – 30min4.3Very good(50+)BurgersAmericanMilkshakesPowerlist,Grilled Cheese
Five Guys20 – 30min4.3Very good(50+)BurgersAmericanMilkshakesPowerlist,Grilled Cheese
Five Guys20 – 30min4.3Very good(50+)BurgersAmericanMilkshakesPowerlist,Hamburger
Five Guys20 – 30min4.3Very good(50+)BurgersAmericanMilkshakesPowerlist,Large
Five Guys20 – 30min4.3Very good(50+)BurgersAmericanMilkshakesPowerlist,Little
Five Guys20 – 30min4.3Very good(50+)BurgersAmericanMilkshakesPowerlist,Little Bacon Burger
Five Guys20 – 30min4.3Very good(50+)BurgersAmericanMilkshakesPowerlist,Little Bacon Cheeseburger
Five Guys20 – 30min4.3Very good(50+)BurgersAmericanMilkshakesPowerlist,Little Cheeseburger
Five Guys20 – 30min4.3Very good(50+)BurgersAmericanMilkshakesPowerlist,Little Hamburger
Five Guys20 – 30min4.3Very good(50+)BurgersAmericanMilkshakesPowerlist,Regular
Five Guys20 – 30min4.3Very good(50+)BurgersAmericanMilkshakesPowerlist,Sprite
Five Guys20 – 30min4.3Very good(50+)BurgersAmericanMilkshakesPowerlist,Veggie Sandwich
Five Guys20 – 30min4.3Very good(50+)BurgersAmericanMilkshakesPowerlist,Veggie Sandwich
Five Guys20 – 30min4.3Very good(50+)BurgersAmericanMilkshakesPowerlist,Water
Gourmet Burger Kitchen (GBK),GBK Cheese & Bacon
Gourmet Burger Kitchen (GBK)20 – 30min4.5Excellent(50+)AmericanBurgers,Avocado Bacon
Gourmet Burger Kitchen (GBK)20 – 30min4.5Excellent(50+)AmericanBurgers,Avocado Bacon
Gourmet Burger Kitchen (GBK)20 – 30min4.5Excellent(50+)AmericanBurgers,Baconnaise
Gourmet Burger Kitchen (GBK)20 – 30min4.5Excellent(50+)AmericanBurgers,Banana (500ml)
Gourmet Burger Kitchen (GBK)20 – 30min4.5Excellent(50+)AmericanBurgers,Basil Mayo
Gourmet Burger Kitchen (GBK)20 – 30min4.5Excellent(50+)AmericanBurgers,Blue Cheese
Gourmet Burger Kitchen (GBK)20 – 30min4.5Excellent(50+)AmericanBurgers,Blue Cheese
Gourmet Burger Kitchen (GBK)20 – 30min4.5Excellent(50+)AmericanBurgers,Blue Cheese Mayo
Gourmet Burger Kitchen (GBK)20 – 30min4.5Excellent(50+)AmericanBurgers,Blue Cheese Slaw
Gourmet Burger Kitchen (GBK)20 – 30min4.5Excellent(50+)AmericanBurgers,Cajun Fried Chicken Pieces
Gourmet Burger Kitchen (GBK)20 – 30min4.5Excellent(50+)AmericanBurgers,Californian (Vegan)
Gourmet Burger Kitchen (GBK)20 – 30min4.5Excellent(50+)AmericanBurgers,Camembert & Cranberry
Gourmet Burger Kitchen (GBK)20 – 30min4.5Excellent(50+)AmericanBurgers,Chipotle Mayo
Gourmet Burger Kitchen (GBK)20 – 30min4.5Excellent(50+)AmericanBurgers,Chunky Skin-on
Gourmet Burger Kitchen (GBK)20 – 30min4.5Excellent(50+)AmericanBurgers,Classic Beef
Gourmet Burger Kitchen (GBK)20 – 30min4.5Excellent(50+)AmericanBurgers,Classic Beef
Gourmet Burger Kitchen (GBK)20 – 30min4.5Excellent(50+)AmericanBurgers,Classic Cheese
Gourmet Burger Kitchen (GBK)20 – 30min4.5Excellent(50+)AmericanBurgers,Classic Cheese
Gourmet Burger Kitchen (GBK)20 – 30min4.5Excellent(50+)AmericanBurgers,Classic Chicken
Gourmet Burger Kitchen (GBK)20 – 30min4.5Excellent(50+)AmericanBurgers,Classic Veggie (Vegan)
Gourmet Burger Kitchen (GBK)20 – 30min4.5Excellent(50+)AmericanBurgers,Coke 330ml
Gourmet Burger Kitchen (GBK)20 – 30min4.5Excellent(50+)AmericanBurgers,Courgetti Fritti
Gourmet Burger Kitchen (GBK)20 – 30min4.5Excellent(50+)AmericanBurgers,Diet Coke 330ml
Gourmet Burger Kitchen (GBK)20 – 30min4.5Excellent(50+)AmericanBurgers,Dipping Sauces (3 Pieces)
Gourmet Burger Kitchen (GBK)20 – 30min4.5Excellent(50+)AmericanBurgers,Double Belgian Chocolate (500ml)
Gourmet Burger Kitchen (GBK)20 – 30min4.5Excellent(50+)AmericanBurgers,Falafel
Gourmet Burger Kitchen (GBK)20 – 30min4.5Excellent(50+)AmericanBurgers,Fanta Orange 330ml
Gourmet Burger Kitchen (GBK)20 – 30min4.5Excellent(50+)AmericanBurgers,Garlic Mayo
Gourmet Burger Kitchen (GBK)20 – 30min4.5Excellent(50+)AmericanBurgers,GBK Cheese & Bacon
Gourmet Burger Kitchen (GBK)20 – 30min4.5Excellent(50+)AmericanBurgers,GBK Homeslaw
Gourmet Burger Kitchen (GBK)20 – 30min4.5Excellent(50+)AmericanBurgers,Habanero
Gourmet Burger Kitchen (GBK)20 – 30min4.5Excellent(50+)AmericanBurgers,Hey Pesto
Gourmet Burger Kitchen (GBK)20 – 30min4.5Excellent(50+)AmericanBurgers,Hot Diggity
Gourmet Burger Kitchen (GBK)20 – 30min4.5Excellent(50+)AmericanBurgers,Hot Diggity
Gourmet Burger Kitchen (GBK)20 – 30min4.5Excellent(50+)AmericanBurgers,Kiwiburger
Gourmet Burger Kitchen (GBK)20 – 30min4.5Excellent(50+)AmericanBurgers,Kiwiburger
Gourmet Burger Kitchen (GBK)20 – 30min4.5Excellent(50+)AmericanBurgers,Madagascan Vanilla (500ml)
Gourmet Burger Kitchen (GBK)20 – 30min4.5Excellent(50+)AmericanBurgers,Onion Rings
Gourmet Burger Kitchen (GBK)20 – 30min4.5Excellent(50+)AmericanBurgers,Oreo® (500ml)
Gourmet Burger Kitchen (GBK)20 – 30min4.5Excellent(50+)AmericanBurgers,Peanut (500ml) (N)
Gourmet Burger Kitchen (GBK)20 – 30min4.5Excellent(50+)AmericanBurgers,Riverrock Sparkling
Gourmet Burger Kitchen (GBK)20 – 30min4.5Excellent(50+)AmericanBurgers,Riverrock Still
Gourmet Burger Kitchen (GBK)20 – 30min4.5Excellent(50+)AmericanBurgers,Rosemary Fries
Gourmet Burger Kitchen (GBK)20 – 30min4.5Excellent(50+)AmericanBurgers,Salted Caramel (500ml)
Gourmet Burger Kitchen (GBK)20 – 30min4.5Excellent(50+)AmericanBurgers,Satay (N)
Gourmet Burger Kitchen (GBK)20 – 30min4.5Excellent(50+)AmericanBurgers,Satay (N)
Gourmet Burger Kitchen (GBK)20 – 30min4.5Excellent(50+)AmericanBurgers,Small Caesar Salad
Gourmet Burger Kitchen (GBK)20 – 30min4.5Excellent(50+)AmericanBurgers,Spicy Chicken Wings
Gourmet Burger Kitchen (GBK)20 – 30min4.5Excellent(50+)AmericanBurgers,Sriracha Mayo
Gourmet Burger Kitchen (GBK)20 – 30min4.5Excellent(50+)AmericanBurgers,Strawberry & Oreo ® Cheeseshake
Gourmet Burger Kitchen (GBK)20 – 30min4.5Excellent(50+)AmericanBurgers,Strawberry (500ml)
Gourmet Burger Kitchen (GBK)20 – 30min4.5Excellent(50+)AmericanBurgers,Sweet Potato Fries
Gourmet Burger Kitchen (GBK)20 – 30min4.5Excellent(50+)AmericanBurgers,Taxidriver
Gourmet Burger Kitchen (GBK)20 – 30min4.5Excellent(50+)AmericanBurgers,Taxidriver
Gourmet Burger Kitchen (GBK)20 – 30min4.5Excellent(50+)AmericanBurgers,The Cajun
Gourmet Burger Kitchen (GBK)20 – 30min4.5Excellent(50+)AmericanBurgers,The Mighty
Gourmet Burger Kitchen (GBK)20 – 30min4.5Excellent(50+)AmericanBurgers,The Mighty
Gourmet Burger Kitchen (GBK)20 – 30min4.5Excellent(50+)AmericanBurgers,Two's Company
KFC 10 – 20min4.2Very good(50+)AmericanBurgersFried chickenChickenPowerlist,10 Pieces Bargain Bucket
KFC 10 – 20min4.2Very good(50+)AmericanBurgersFried chickenChickenPowerlist,10 Pieces Family Feast
KFC 10 – 20min4.2Very good(50+)AmericanBurgersFried chickenChickenPowerlist,10 Pieces Wicked Variety Bucket
KFC 10 – 20min4.2Very good(50+)AmericanBurgersFried chickenChickenPowerlist,12 Pieces Deluxe Boneless Feast
KFC 10 – 20min4.2Very good(50+)AmericanBurgersFried chickenChickenPowerlist,14 Pieces Bargain Bucket
KFC 10 – 20min4.2Very good(50+)AmericanBurgersFried chickenChickenPowerlist,14 Pieces Family Feast
KFC 10 – 20min4.2Very good(50+)AmericanBurgersFried chickenChickenPowerlist,2 Corn Cobettes
KFC 10 – 20min4.2Very good(50+)AmericanBurgersFried chickenChickenPowerlist,2 Hot Wings®
KFC 10 – 20min4.2Very good(50+)AmericanBurgersFried chickenChickenPowerlist,2 Hot Wings®
KFC 10 – 20min4.2Very good(50+)AmericanBurgersFried chickenChickenPowerlist,3 Legends Box Meal
KFC 10 – 20min4.2Very good(50+)AmericanBurgersFried chickenChickenPowerlist,3 Legends Box Meal
KFC 10 – 20min4.2Very good(50+)AmericanBurgersFried chickenChickenPowerlist,6 Pieces Bargain Bucket
KFC 10 – 20min4.2Very good(50+)AmericanBurgersFried chickenChickenPowerlist,6 Pieces Family Feast
KFC 10 – 20min4.2Very good(50+)AmericanBurgersFried chickenChickenPowerlist,6 Pieces Wicked Variety Bucket
KFC 10 – 20min4.2Very good(50+)AmericanBurgersFried chickenChickenPowerlist,7Up Free (1.5L)
KFC 10 – 20min4.2Very good(50+)AmericanBurgersFried chickenChickenPowerlist,7Up Free (330ml)
KFC 10 – 20min4.2Very good(50+)AmericanBurgersFried chickenChickenPowerlist,8 Pieces Deluxe Boneless Feast
KFC 10 – 20min4.2Very good(50+)AmericanBurgersFried chickenChickenPowerlist,BBQ Wrap
KFC 10 – 20min4.2Very good(50+)AmericanBurgersFried chickenChickenPowerlist,Boneless Banquet
KFC 10 – 20min4.2Very good(50+)AmericanBurgersFried chickenChickenPowerlist,Boneless Banquet
KFC 10 – 20min4.2Very good(50+)AmericanBurgersFried chickenChickenPowerlist,Boneless Dips Meal: 3 Pieces
KFC 10 – 20min4.2Very good(50+)AmericanBurgersFried chickenChickenPowerlist,Boneless Dips Meal: 4 Pieces
KFC 10 – 20min4.2Very good(50+)AmericanBurgersFried chickenChickenPowerlist,Club Orange (1.5L Bottle)
KFC 10 – 20min4.2Very good(50+)AmericanBurgersFried chickenChickenPowerlist,Club Orange Zero (1.5L bottle)
KFC 10 – 20min4.2Very good(50+)AmericanBurgersFried chickenChickenPowerlist,Club Zero Orange (330ml)
KFC 10 – 20min4.2Very good(50+)AmericanBurgersFried chickenChickenPowerlist,Double Chocolate Cookie
KFC 10 – 20min4.2Very good(50+)AmericanBurgersFried chickenChickenPowerlist,Fillet Bacon & Cheese Box Meal
KFC 10 – 20min4.2Very good(50+)AmericanBurgersFried chickenChickenPowerlist,Fillet Bacon & Cheese Box Meal
KFC 10 – 20min4.2Very good(50+)AmericanBurgersFried chickenChickenPowerlist,Fillet Bacon & Cheese Meal
KFC 10 – 20min4.2Very good(50+)AmericanBurgersFried chickenChickenPowerlist,Fillet Box Meal
KFC 10 – 20min4.2Very good(50+)AmericanBurgersFried chickenChickenPowerlist,Fillet Box Meal
KFC 10 – 20min4.2Very good(50+)AmericanBurgersFried chickenChickenPowerlist,Fillet Burger Meal
KFC 10 – 20min4.2Very good(50+)AmericanBurgersFried chickenChickenPowerlist,Fillet Ricebox Combo
KFC 10 – 20min4.2Very good(50+)AmericanBurgersFried chickenChickenPowerlist,Flamin Wrap
KFC 10 – 20min4.2Very good(50+)AmericanBurgersFried chickenChickenPowerlist,Garlic and Buttermilk Mayo Dip Pot
KFC 10 – 20min4.2Very good(50+)AmericanBurgersFried chickenChickenPowerlist,Kentucky Smoked BBQ Dip Pot
KFC 10 – 20min4.2Very good(50+)AmericanBurgersFried chickenChickenPowerlist,Large Beans
KFC 10 – 20min4.2Very good(50+)AmericanBurgersFried chickenChickenPowerlist,Large Curry Sauce
KFC 10 – 20min4.2Very good(50+)AmericanBurgersFried chickenChickenPowerlist,Large Gravy
KFC 10 – 20min4.2Very good(50+)AmericanBurgersFried chickenChickenPowerlist,Large Popcorn Chicken®
KFC 10 – 20min4.2Very good(50+)AmericanBurgersFried chickenChickenPowerlist,Mashed Potato
KFC 10 – 20min4.2Very good(50+)AmericanBurgersFried chickenChickenPowerlist,Mashed Potato and Gravy
KFC 10 – 20min4.2Very good(50+)AmericanBurgersFried chickenChickenPowerlist,Mega Box
KFC 10 – 20min4.2Very good(50+)AmericanBurgersFried chickenChickenPowerlist,Mighty Bucket For One
KFC 10 – 20min4.2Very good(50+)AmericanBurgersFried chickenChickenPowerlist,Mini Fillet Burger
KFC 10 – 20min4.2Very good(50+)AmericanBurgersFried chickenChickenPowerlist,Nashville Hot Twister Combo
KFC 10 – 20min4.2Very good(50+)AmericanBurgersFried chickenChickenPowerlist,Onion Rings
KFC 10 – 20min4.2Very good(50+)AmericanBurgersFried chickenChickenPowerlist,Original Hot Dip Pot
KFC 10 – 20min4.2Very good(50+)AmericanBurgersFried chickenChickenPowerlist,Original Kentucky Mayo Twister Combo
KFC 10 – 20min4.2Very good(50+)AmericanBurgersFried chickenChickenPowerlist,Original Recipe Burrito Combo
KFC 10 – 20min4.2Very good(50+)AmericanBurgersFried chickenChickenPowerlist,Original Recipe Chicken: 1 Piece
KFC 10 – 20min4.2Very good(50+)AmericanBurgersFried chickenChickenPowerlist,Original Recipe Chicken: 2 Pieces
KFC 10 – 20min4.2Very good(50+)AmericanBurgersFried chickenChickenPowerlist,Original Recipe Chicken: 3 Pieces
KFC 10 – 20min4.2Very good(50+)AmericanBurgersFried chickenChickenPowerlist,Original Recipe Meal: 2 Pieces
KFC 10 – 20min4.2Very good(50+)AmericanBurgersFried chickenChickenPowerlist,Original Recipe Meal: 3 Pieces
KFC 10 – 20min4.2Very good(50+)AmericanBurgersFried chickenChickenPowerlist,Pepsi (1.5L Bottle)
KFC 10 – 20min4.2Very good(50+)AmericanBurgersFried chickenChickenPowerlist,Pepsi (330ml)
KFC 10 – 20min4.2Very good(50+)AmericanBurgersFried chickenChickenPowerlist,Pepsi Max (1.5L Bottle)
KFC 10 – 20min4.2Very good(50+)AmericanBurgersFried chickenChickenPowerlist,Pepsi Max (330ml)
KFC 10 – 20min4.2Very good(50+)AmericanBurgersFried chickenChickenPowerlist,Popcorn Chicken® Meal: Large
KFC 10 – 20min4.2Very good(50+)AmericanBurgersFried chickenChickenPowerlist,Popcorn Chicken® Meal: Regular
KFC 10 – 20min4.2Very good(50+)AmericanBurgersFried chickenChickenPowerlist,Real Tomato Dip Pot
KFC 10 – 20min4.2Very good(50+)AmericanBurgersFried chickenChickenPowerlist,Regular Fries
KFC 10 – 20min4.2Very good(50+)AmericanBurgersFried chickenChickenPowerlist,Regular Popcorn Chicken®
KFC 10 – 20min4.2Very good(50+)AmericanBurgersFried chickenChickenPowerlist,Smokey Mountain BBQ Twister Combo
KFC 10 – 20min4.2Very good(50+)AmericanBurgersFried chickenChickenPowerlist,Southern Sweet Chilli Twister Combo
KFC 10 – 20min4.2Very good(50+)AmericanBurgersFried chickenChickenPowerlist,Spicebox
KFC 10 – 20min4.2Very good(50+)AmericanBurgersFried chickenChickenPowerlist,Still Water
KFC 10 – 20min4.2Very good(50+)AmericanBurgersFried chickenChickenPowerlist,Sweet Chilli Dip Pot
KFC 10 – 20min4.2Very good(50+)AmericanBurgersFried chickenChickenPowerlist,Veggie Ricebox Combo
KFC 10 – 20min4.2Very good(50+)AmericanBurgersFried chickenChickenPowerlist,Zinger Ricebox Combo
KFC 10 – 20min4.2Very good(50+)AmericanBurgersFried chickenChickenPowerlist,Zinger® Bacon & Cheese Box Meal
KFC 10 – 20min4.2Very good(50+)AmericanBurgersFried chickenChickenPowerlist,Zinger® Bacon & Cheese Box Meal
KFC 10 – 20min4.2Very good(50+)AmericanBurgersFried chickenChickenPowerlist,Zinger® Bacon & Cheese Meal
KFC 10 – 20min4.2Very good(50+)AmericanBurgersFried chickenChickenPowerlist,Zinger® Box Meal
KFC 10 – 20min4.2Very good(50+)AmericanBurgersFried chickenChickenPowerlist,Zinger® Box Meal
KFC 10 – 20min4.2Very good(50+)AmericanBurgersFried chickenChickenPowerlist,Zinger® Burger Meal
KFC 10 – 20min4.2Very good(50+)AmericanBurgersFried chickenChickenPowerlist,Zinger® Burrito Combo
Luigi Malones,Hamburger
Luigi Malones30 – 40min3.8Good(50+)AmericanPizza,Bacon & Cheese
Luigi Malones30 – 40min3.8Good(50+)AmericanPizza,BBQ Baby Back Ribs with Fries Choice (c)
Luigi Malones30 – 40min3.8Good(50+)AmericanPizza,BBQ Baby Back Ribs with Potato (c)
Luigi Malones30 – 40min3.8Good(50+)AmericanPizza,BBQ Chicken
Luigi Malones30 – 40min3.8Good(50+)AmericanPizza,BBQ Lamb Espetadas with Potato Choice (c)
Luigi Malones30 – 40min3.8Good(50+)AmericanPizza,BBQ Lamb Espetadas with Tzatziki Salad (c)
Luigi Malones30 – 40min3.8Good(50+)AmericanPizza,BBQ Sauce
Luigi Malones30 – 40min3.8Good(50+)AmericanPizza,Beef Fajitas
Luigi Malones30 – 40min3.8Good(50+)AmericanPizza,Bread Basket (v)
Luigi Malones30 – 40min3.8Good(50+)AmericanPizza,Buffalo Wings
Luigi Malones30 – 40min3.8Good(50+)AmericanPizza,Buffalo Wings
Luigi Malones30 – 40min3.8Good(50+)AmericanPizza,Caesar Salad
Luigi Malones30 – 40min3.8Good(50+)AmericanPizza,Caesar Salad
Luigi Malones30 – 40min3.8Good(50+)AmericanPizza,Calzone
Luigi Malones30 – 40min3.8Good(50+)AmericanPizza,Caramelised Apple Crumble with Fresh Cream (v)
Luigi Malones30 – 40min3.8Good(50+)AmericanPizza,Caramelised Apple Crumble with Ice Cream (v)
Luigi Malones30 – 40min3.8Good(50+)AmericanPizza,Caramelised Apple Crumble with Ice Cream and Fresh Cream (v)
Luigi Malones30 – 40min3.8Good(50+)AmericanPizza,Carbonara
Luigi Malones30 – 40min3.8Good(50+)AmericanPizza,Cashel Blue Cheese
Luigi Malones30 – 40min3.8Good(50+)AmericanPizza,Charcoal Fired Salmon (c)
Luigi Malones30 – 40min3.8Good(50+)AmericanPizza,Cheeseburger
Luigi Malones30 – 40min3.8Good(50+)AmericanPizza,Chicken & Prawn Pasta
Luigi Malones30 – 40min3.8Good(50+)AmericanPizza,Chicken Fajitas
Luigi Malones30 – 40min3.8Good(50+)AmericanPizza,Chicken Schnitzel
Luigi Malones30 – 40min3.8Good(50+)AmericanPizza,Chicken Schnitzel Caesar Salad
Luigi Malones30 – 40min3.8Good(50+)AmericanPizza,Chicken Tequila
Luigi Malones30 – 40min3.8Good(50+)AmericanPizza,Chocolate Brownie (v)
Luigi Malones30 – 40min3.8Good(50+)AmericanPizza,Chocolate Ice Cream by Teddy's of Dun Laoghaire (v) (c)
Luigi Malones30 – 40min3.8Good(50+)AmericanPizza,Chorizo
Luigi Malones30 – 40min3.8Good(50+)AmericanPizza,Chorizo & Chilli
Luigi Malones30 – 40min3.8Good(50+)AmericanPizza,Chunky Fries (v) (c)
Luigi Malones30 – 40min3.8Good(50+)AmericanPizza,Coleslaw (v) (c)
Luigi Malones30 – 40min3.8Good(50+)AmericanPizza,Creamy Mash (v) (c)
Luigi Malones30 – 40min3.8Good(50+)AmericanPizza,"Fillet Steak 10oz (c) with Fries, Onions & Mushrooms, Garlic Butter"
Luigi Malones30 – 40min3.8Good(50+)AmericanPizza,"Fillet Steak 10oz (c) with Fries, Onions & Mushrooms, Pepper Sauce"
Luigi Malones30 – 40min3.8Good(50+)AmericanPizza,"Fillet Steak 10oz (c) with Potatoes, Onions & Mushrooms, Garlic Butter"
Luigi Malones30 – 40min3.8Good(50+)AmericanPizza,"Fillet Steak 10oz (c) with Potatoes, Onions & Mushrooms, Pepper Sauce"
Luigi Malones30 – 40min3.8Good(50+)AmericanPizza,Gambas
Luigi Malones30 – 40min3.8Good(50+)AmericanPizza,Garlic Bread (v)
Luigi Malones30 – 40min3.8Good(50+)AmericanPizza,Gubbeen Smokehouse Bacon
Luigi Malones30 – 40min3.8Good(50+)AmericanPizza,Halloumi Souvlaki (v) (c)
Luigi Malones30 – 40min3.8Good(50+)AmericanPizza,Hazelnut Ice Cream by Teddy's of Dun Laoghaire (v) (c)
Luigi Malones30 – 40min3.8Good(50+)AmericanPizza,Large Buffalo Wings
Luigi Malones30 – 40min3.8Good(50+)AmericanPizza,Large Buffalo Wings
Luigi Malones30 – 40min3.8Good(50+)AmericanPizza,Large Nachos Grande (v)
Luigi Malones30 – 40min3.8Good(50+)AmericanPizza,Large Nachos with Pulled Pork
Luigi Malones30 – 40min3.8Good(50+)AmericanPizza,Lasagne with Short Rib Ragu
Luigi Malones30 – 40min3.8Good(50+)AmericanPizza,Margherita
Luigi Malones30 – 40min3.8Good(50+)AmericanPizza,Michelangelo
Luigi Malones30 – 40min3.8Good(50+)AmericanPizza,Mint Aero Ice Cream by Teddy's of Dun Laoghaire (v) (c)
Luigi Malones30 – 40min3.8Good(50+)AmericanPizza,Mushrooms (v)
Luigi Malones30 – 40min3.8Good(50+)AmericanPizza,Mussels
Luigi Malones30 – 40min3.8Good(50+)AmericanPizza,Pig Meets Cow
Luigi Malones30 – 40min3.8Good(50+)AmericanPizza,Prawn Fajitas
Luigi Malones30 – 40min3.8Good(50+)AmericanPizza,Prosciutto & Rocket
Luigi Malones30 – 40min3.8Good(50+)AmericanPizza,Pulled Pork Burger
Luigi Malones30 – 40min3.8Good(50+)AmericanPizza,Pulled Pork Pizza
Luigi Malones30 – 40min3.8Good(50+)AmericanPizza,Ragu of Short Ribs
Luigi Malones30 – 40min3.8Good(50+)AmericanPizza,"Rib Eye Steak 10oz (c) with Fries, Onions & Mushrooms, Garlic Butter"
Luigi Malones30 – 40min3.8Good(50+)AmericanPizza,"Rib Eye Steak 10oz (c) with Fries, Onions & Mushrooms, Pepper Sauce"
Luigi Malones30 – 40min3.8Good(50+)AmericanPizza,"Rib Eye Steak 10oz (c) with Potatoes, Onions & Mushrooms, Garlic Butter"
Luigi Malones30 – 40min3.8Good(50+)AmericanPizza,"Rib Eye Steak 10oz (c) with Potatoes, Onions & Mushrooms, Pepper Sauce"
Luigi Malones30 – 40min3.8Good(50+)AmericanPizza,Rotisserie Chicken (c)
Luigi Malones30 – 40min3.8Good(50+)AmericanPizza,Salami Pizza
Luigi Malones30 – 40min3.8Good(50+)AmericanPizza,Side Salad (v) (c)
Luigi Malones30 – 40min3.8Good(50+)AmericanPizza,"Sirloin Steak 10oz (c) with Fries, Onions & Mushrooms, Garlic Butter"
Luigi Malones30 – 40min3.8Good(50+)AmericanPizza,"Sirloin Steak 10oz (c) with Fries, Onions & Mushrooms, Pepper Sauce"
Luigi Malones30 – 40min3.8Good(50+)AmericanPizza,"Sirloin Steak 10oz (c) with Potatoes, Onions & Mushrooms, Garlic Butter"
Luigi Malones30 – 40min3.8Good(50+)AmericanPizza,"Sirloin Steak 10oz (c) with Potatoes, Onions & Mushrooms, Pepper Sauce"
Luigi Malones30 – 40min3.8Good(50+)AmericanPizza,Skinny Fries (v) (c)
Luigi Malones30 – 40min3.8Good(50+)AmericanPizza,Small Nachos Grande (v)
Luigi Malones30 – 40min3.8Good(50+)AmericanPizza,Small Nachos with Pulled Pork
Luigi Malones30 – 40min3.8Good(50+)AmericanPizza,Soup of the Day
Luigi Malones30 – 40min3.8Good(50+)AmericanPizza,Sour Cream
Luigi Malones30 – 40min3.8Good(50+)AmericanPizza,Strawberry & Chocolate Pavlova (v) (c)
Luigi Malones30 – 40min3.8Good(50+)AmericanPizza,Strawberry Ice Cream by Teddy's of Dun Laoghaire (v) (c)
Luigi Malones30 – 40min3.8Good(50+)AmericanPizza,The Big Boogie
Luigi Malones30 – 40min3.8Good(50+)AmericanPizza,The Black Pudding
Luigi Malones30 – 40min3.8Good(50+)AmericanPizza,Toblerone & Butterscotch Cheesecake (v)
Luigi Malones30 – 40min3.8Good(50+)AmericanPizza,Vanilla Ice Cream by Teddy's of Dun Laoghaire (v) (c)
Luigi Malones30 – 40min3.8Good(50+)AmericanPizza,Vegetarian Fajitas (v)
Luigi Malones30 – 40min3.8Good(50+)AmericanPizza,Vegetarian Pizza (v)
Luigi Malones30 – 40min3.8Good(50+)AmericanPizza,Watermelon Salad (v) (c)
Luigi Malones30 – 40min3.8Good(50+)AmericanPizza,Watermelon Salad (v) (c)
Luigi Malones30 – 40min3.8Good(50+)AmericanPizza,Wing Sauce Pizza
My Meat Wagon15 – 25min4.6Excellent(50+)BBQAmerican,7up (330ml Can)
My Meat Wagon15 – 25min4.6Excellent(50+)BBQAmerican,Beans
My Meat Wagon15 – 25min4.6Excellent(50+)BBQAmerican,Bird In A Box
My Meat Wagon15 – 25min4.6Excellent(50+)BBQAmerican,Bird In A Box
My Meat Wagon15 – 25min4.6Excellent(50+)BBQAmerican,Bird On A Board
My Meat Wagon15 – 25min4.6Excellent(50+)BBQAmerican,Blue Moon
My Meat Wagon15 – 25min4.6Excellent(50+)BBQAmerican,Burger With Fries
My Meat Wagon15 – 25min4.6Excellent(50+)BBQAmerican,Club Orange (330ml Can)
My Meat Wagon15 – 25min4.6Excellent(50+)BBQAmerican,Coke (330ml Can)
My Meat Wagon15 – 25min4.6Excellent(50+)BBQAmerican,Corn
My Meat Wagon15 – 25min4.6Excellent(50+)BBQAmerican,Corona
My Meat Wagon15 – 25min4.6Excellent(50+)BBQAmerican,Cow In A Box
My Meat Wagon15 – 25min4.6Excellent(50+)BBQAmerican,Cow In A Box
My Meat Wagon15 – 25min4.6Excellent(50+)BBQAmerican,Cow In Bread With Fries
My Meat Wagon15 – 25min4.6Excellent(50+)BBQAmerican,Cow On A Board
My Meat Wagon15 – 25min4.6Excellent(50+)BBQAmerican,Dancing Bear
My Meat Wagon15 – 25min4.6Excellent(50+)BBQAmerican,Daura Gluten Free
My Meat Wagon15 – 25min4.6Excellent(50+)BBQAmerican,Diet 7up (330ml Can)
My Meat Wagon15 – 25min4.6Excellent(50+)BBQAmerican,Diet Coke (330ml Can)
My Meat Wagon15 – 25min4.6Excellent(50+)BBQAmerican,Franziskaner
My Meat Wagon15 – 25min4.6Excellent(50+)BBQAmerican,Fries
My Meat Wagon15 – 25min4.6Excellent(50+)BBQAmerican,Fuego - White
My Meat Wagon15 – 25min4.6Excellent(50+)BBQAmerican,Ginger Beer
My Meat Wagon15 – 25min4.6Excellent(50+)BBQAmerican,Give A Dog A Bone
My Meat Wagon15 – 25min4.6Excellent(50+)BBQAmerican,Grapefruit IPA
My Meat Wagon15 – 25min4.6Excellent(50+)BBQAmerican,Guiness West Indies
My Meat Wagon15 – 25min4.6Excellent(50+)BBQAmerican,Homemade BBQ Sauce
My Meat Wagon15 – 25min4.6Excellent(50+)BBQAmerican,Homemade Garlic Mayo
My Meat Wagon15 – 25min4.6Excellent(50+)BBQAmerican,Homemade Mustard Mayo
My Meat Wagon15 – 25min4.6Excellent(50+)BBQAmerican,Homemade Sriracha Mayo
My Meat Wagon15 – 25min4.6Excellent(50+)BBQAmerican,Hop House
My Meat Wagon15 – 25min4.6Excellent(50+)BBQAmerican,Mash
My Meat Wagon15 – 25min4.6Excellent(50+)BBQAmerican,Mix Box
My Meat Wagon15 – 25min4.6Excellent(50+)BBQAmerican,Mix Box
My Meat Wagon15 – 25min4.6Excellent(50+)BBQAmerican,Mixmeat Board
My Meat Wagon15 – 25min4.6Excellent(50+)BBQAmerican,MMW Sharing Board For Two
My Meat Wagon15 – 25min4.6Excellent(50+)BBQAmerican,Orchard Thieves
My Meat Wagon15 – 25min4.6Excellent(50+)BBQAmerican,Pig In A Box
My Meat Wagon15 – 25min4.6Excellent(50+)BBQAmerican,Pig In A Box
My Meat Wagon15 – 25min4.6Excellent(50+)BBQAmerican,Pig In Bread With Fries
My Meat Wagon15 – 25min4.6Excellent(50+)BBQAmerican,Pig On A Board
My Meat Wagon15 – 25min4.6Excellent(50+)BBQAmerican,Prosecco
My Meat Wagon15 – 25min4.6Excellent(50+)BBQAmerican,Sausage
My Meat Wagon15 – 25min4.6Excellent(50+)BBQAmerican,Sausage In Bread With Fries
My Meat Wagon15 – 25min4.6Excellent(50+)BBQAmerican,Session Ipa
My Meat Wagon15 – 25min4.6Excellent(50+)BBQAmerican,Slaw
My Meat Wagon15 – 25min4.6Excellent(50+)BBQAmerican,Smoked Potato Salad
My Meat Wagon15 – 25min4.6Excellent(50+)BBQAmerican,St. Louis Ribs
My Meat Wagon15 – 25min4.6Excellent(50+)BBQAmerican,Tempranillo - Red
My Meat Wagon15 – 25min4.6Excellent(50+)BBQAmerican,Veltins
,
,
,
,
,
,
,
,
,
,
,
,
,
,
,
,
,
,
,
,
,
,
,
,
,
,
,
,
,
,
,
,
,
,
,
,
,
,
,
,
,
,
,
,
Rocket's,
Rocket's10 – 20min4.3Very good(50+)BurgersAmericanDessertPowerlist,2 Sliders
Rocket's10 – 20min4.3Very good(50+)BurgersAmericanDessertPowerlist,4 Sliders
Rocket's10 – 20min4.3Very good(50+)BurgersAmericanDessertPowerlist,6 Sliders
Rocket's10 – 20min4.3Very good(50+)BurgersAmericanDessertPowerlist,Bacon
Rocket's10 – 20min4.3Very good(50+)BurgersAmericanDessertPowerlist,Bacon Cheeseburger
Rocket's10 – 20min4.3Very good(50+)BurgersAmericanDessertPowerlist,Beef Chilli
Rocket's10 – 20min4.3Very good(50+)BurgersAmericanDessertPowerlist,Beef Chilli Fries
Rocket's10 – 20min4.3Very good(50+)BurgersAmericanDessertPowerlist,Bottled Water
Rocket's10 – 20min4.3Very good(50+)BurgersAmericanDessertPowerlist,Burger Sauce
Rocket's10 – 20min4.3Very good(50+)BurgersAmericanDessertPowerlist,Buttermilk Fried Fillet
Rocket's10 – 20min4.3Very good(50+)BurgersAmericanDessertPowerlist,Buttermilk Fried Tenders
Rocket's10 – 20min4.3Very good(50+)BurgersAmericanDessertPowerlist,Buttermilk Fried Tenders
Rocket's10 – 20min4.3Very good(50+)BurgersAmericanDessertPowerlist,Cajun
Rocket's10 – 20min4.3Very good(50+)BurgersAmericanDessertPowerlist,Cheese
Rocket's10 – 20min4.3Very good(50+)BurgersAmericanDessertPowerlist,Cheeseburger
Rocket's10 – 20min4.3Very good(50+)BurgersAmericanDessertPowerlist,Chicken Wings
Rocket's10 – 20min4.3Very good(50+)BurgersAmericanDessertPowerlist,Chicken Wings
Rocket's10 – 20min4.3Very good(50+)BurgersAmericanDessertPowerlist,Chilli Burger
Rocket's10 – 20min4.3Very good(50+)BurgersAmericanDessertPowerlist,Chipotle Mayo
Rocket's10 – 20min4.3Very good(50+)BurgersAmericanDessertPowerlist,Chocolate
Rocket's10 – 20min4.3Very good(50+)BurgersAmericanDessertPowerlist,Coffee
Rocket's10 – 20min4.3Very good(50+)BurgersAmericanDessertPowerlist,Crispy bacon and Cheese Fries
Rocket's10 – 20min4.3Very good(50+)BurgersAmericanDessertPowerlist,Flat White
Rocket's10 – 20min4.3Very good(50+)BurgersAmericanDessertPowerlist,Fresh Orange Juice
Rocket's10 – 20min4.3Very good(50+)BurgersAmericanDessertPowerlist,Fried Egg
Rocket's10 – 20min4.3Very good(50+)BurgersAmericanDessertPowerlist,Fried Pickles
Rocket's10 – 20min4.3Very good(50+)BurgersAmericanDessertPowerlist,Garlic and Parmesan Fries
Rocket's10 – 20min4.3Very good(50+)BurgersAmericanDessertPowerlist,Garlic Mayo
Rocket's10 – 20min4.3Very good(50+)BurgersAmericanDessertPowerlist,Hamburger
Rocket's10 – 20min4.3Very good(50+)BurgersAmericanDessertPowerlist,House Salad
Rocket's10 – 20min4.3Very good(50+)BurgersAmericanDessertPowerlist,Marinated Fillet
Rocket's10 – 20min4.3Very good(50+)BurgersAmericanDessertPowerlist,Marinated Fillet
Rocket's10 – 20min4.3Very good(50+)BurgersAmericanDessertPowerlist,Onion Strings
Rocket's10 – 20min4.3Very good(50+)BurgersAmericanDessertPowerlist,Ranch
Rocket's10 – 20min4.3Very good(50+)BurgersAmericanDessertPowerlist,Regular Fries
Rocket's10 – 20min4.3Very good(50+)BurgersAmericanDessertPowerlist,Sodas
Rocket's10 – 20min4.3Very good(50+)BurgersAmericanDessertPowerlist,Sriracha Mayo
Rocket's10 – 20min4.3Very good(50+)BurgersAmericanDessertPowerlist,Strawberry
Rocket's10 – 20min4.3Very good(50+)BurgersAmericanDessertPowerlist,Sweet Potato Fries
Rocket's10 – 20min4.3Very good(50+)BurgersAmericanDessertPowerlist,Tea
Rocket's10 – 20min4.3Very good(50+)BurgersAmericanDessertPowerlist,Vanilla
Sbarro New York Pizza15 – 25min< 3.5(50+)PizzaAmericanItalianMeal Deals,BBQ
Sbarro New York Pizza15 – 25min< 3.5(50+)PizzaAmericanItalianMeal Deals,"BBQ Chicken (17"")"
Sbarro New York Pizza15 – 25min< 3.5(50+)PizzaAmericanItalianMeal Deals,Brownie
Sbarro New York Pizza15 – 25min< 3.5(50+)PizzaAmericanItalianMeal Deals,Chicken Combo
Sbarro New York Pizza15 – 25min< 3.5(50+)PizzaAmericanItalianMeal Deals,Chicken Goujons (10 Pieces)
Sbarro New York Pizza15 – 25min< 3.5(50+)PizzaAmericanItalianMeal Deals,Chicken Goujons (6 Pieces)
Sbarro New York Pizza15 – 25min< 3.5(50+)PizzaAmericanItalianMeal Deals,Chocolate Chip Cookies (4 Pieces)
Sbarro New York Pizza15 – 25min< 3.5(50+)PizzaAmericanItalianMeal Deals,"Classic Margherita (17"")"
Sbarro New York Pizza15 – 25min< 3.5(50+)PizzaAmericanItalianMeal Deals,Coca-Cola (0.33L)
Sbarro New York Pizza15 – 25min< 3.5(50+)PizzaAmericanItalianMeal Deals,Diet Coca-Cola (0.33L)
Sbarro New York Pizza15 – 25min< 3.5(50+)PizzaAmericanItalianMeal Deals,Double Deal
Sbarro New York Pizza15 – 25min< 3.5(50+)PizzaAmericanItalianMeal Deals,Double Deal
Sbarro New York Pizza15 – 25min< 3.5(50+)PizzaAmericanItalianMeal Deals,Fanta (0.33L)
Sbarro New York Pizza15 – 25min< 3.5(50+)PizzaAmericanItalianMeal Deals,Garlic and Herb
Sbarro New York Pizza15 – 25min< 3.5(50+)PizzaAmericanItalianMeal Deals,Garlic Breadsticks (4 Pieces)
Sbarro New York Pizza15 – 25min< 3.5(50+)PizzaAmericanItalianMeal Deals,"Hawaiian (17"")"
Sbarro New York Pizza15 – 25min< 3.5(50+)PizzaAmericanItalianMeal Deals,Huge Pizza Deal
Sbarro New York Pizza15 – 25min< 3.5(50+)PizzaAmericanItalianMeal Deals,Huge Pizza Deal
Sbarro New York Pizza15 – 25min< 3.5(50+)PizzaAmericanItalianMeal Deals,Ketchup
Sbarro New York Pizza15 – 25min< 3.5(50+)PizzaAmericanItalianMeal Deals,"Meat Delight (17"")"
Sbarro New York Pizza15 – 25min< 3.5(50+)PizzaAmericanItalianMeal Deals,"Mushroom, Chicken & Bacon (17"")"
Sbarro New York Pizza15 – 25min< 3.5(50+)PizzaAmericanItalianMeal Deals,Nutella Slice
Sbarro New York Pizza15 – 25min< 3.5(50+)PizzaAmericanItalianMeal Deals,Potato Wedges
Sbarro New York Pizza15 – 25min< 3.5(50+)PizzaAmericanItalianMeal Deals,Sprite (0.33L)
Sbarro New York Pizza15 – 25min< 3.5(50+)PizzaAmericanItalianMeal Deals,"Supreme (17"")"
Sbarro New York Pizza15 – 25min< 3.5(50+)PizzaAmericanItalianMeal Deals,Sweet Chili
Sbarro New York Pizza15 – 25min< 3.5(50+)PizzaAmericanItalianMeal Deals,"Sweet Chilli Delight (17"")"
Sbarro New York Pizza15 – 25min< 3.5(50+)PizzaAmericanItalianMeal Deals,Up To 3 Toppings
Sbarro New York Pizza15 – 25min< 3.5(50+)PizzaAmericanItalianMeal Deals,Up To 3 Toppings
Sbarro New York Pizza15 – 25min< 3.5(50+)PizzaAmericanItalianMeal Deals,Up To 5 Toppings
Sbarro New York Pizza15 – 25min< 3.5(50+)PizzaAmericanItalianMeal Deals,Up To 5 Toppings
Sbarro New York Pizza15 – 25min< 3.5(50+)PizzaAmericanItalianMeal Deals,"Xtreme Pepperoni (17"")"
Subway15 – 25min4.4Very good(50+)AmericanSandwichesMeal Deals,7-up Free
Subway15 – 25min4.4Very good(50+)AmericanSandwichesMeal Deals,Bowl of Meatball
Subway15 – 25min4.4Very good(50+)AmericanSandwichesMeal Deals,Cheese Toastie
Subway15 – 25min4.4Very good(50+)AmericanSandwichesMeal Deals,Chicken Bacon Ranch Melt
Subway15 – 25min4.4Very good(50+)AmericanSandwichesMeal Deals,Chicken Bacon Ranch Melt
Subway15 – 25min4.4Very good(50+)AmericanSandwichesMeal Deals,Chicken Breast
Subway15 – 25min4.4Very good(50+)AmericanSandwichesMeal Deals,Chicken Breast
Subway15 – 25min4.4Very good(50+)AmericanSandwichesMeal Deals,Chicken Pizzaiola
Subway15 – 25min4.4Very good(50+)AmericanSandwichesMeal Deals,Chicken Pizzaiola
Subway15 – 25min4.4Very good(50+)AmericanSandwichesMeal Deals,Chicken Teriyaki
Subway15 – 25min4.4Very good(50+)AmericanSandwichesMeal Deals,Chicken Teriyaki
Subway15 – 25min4.4Very good(50+)AmericanSandwichesMeal Deals,Chicken Tikka
Subway15 – 25min4.4Very good(50+)AmericanSandwichesMeal Deals,Chicken Tikka
Subway15 – 25min4.4Very good(50+)AmericanSandwichesMeal Deals,Chipotle Chicken Melt
Subway15 – 25min4.4Very good(50+)AmericanSandwichesMeal Deals,Chipotle Chicken Melt
Subway15 – 25min4.4Very good(50+)AmericanSandwichesMeal Deals,Chipotle Southwest Steak & Cheese Tomato Basil Wrap
Subway15 – 25min4.4Very good(50+)AmericanSandwichesMeal Deals,Chocolate Chip
Subway15 – 25min4.4Very good(50+)AmericanSandwichesMeal Deals,Club Orange
Subway15 – 25min4.4Very good(50+)AmericanSandwichesMeal Deals,Doritos Chilli Heatwave
Subway15 – 25min4.4Very good(50+)AmericanSandwichesMeal Deals,Doritos Cool Original
Subway15 – 25min4.4Very good(50+)AmericanSandwichesMeal Deals,Doritos Tangy Cheese Crisps
Subway15 – 25min4.4Very good(50+)AmericanSandwichesMeal Deals,Double Chocolate
Subway15 – 25min4.4Very good(50+)AmericanSandwichesMeal Deals,Ham
Subway15 – 25min4.4Very good(50+)AmericanSandwichesMeal Deals,Ham
Subway15 – 25min4.4Very good(50+)AmericanSandwichesMeal Deals,Italian BMT
Subway15 – 25min4.4Very good(50+)AmericanSandwichesMeal Deals,Italian BMT
Subway15 – 25min4.4Very good(50+)AmericanSandwichesMeal Deals,Lunch for One Deal
Subway15 – 25min4.4Very good(50+)AmericanSandwichesMeal Deals,Meatball Marinara
Subway15 – 25min4.4Very good(50+)AmericanSandwichesMeal Deals,Meatball Marinara
Subway15 – 25min4.4Very good(50+)AmericanSandwichesMeal Deals,Melt Cheese Nachos
Subway15 – 25min4.4Very good(50+)AmericanSandwichesMeal Deals,Nacho Taco Beef
Subway15 – 25min4.4Very good(50+)AmericanSandwichesMeal Deals,Nacho Taco Beef
Subway15 – 25min4.4Very good(50+)AmericanSandwichesMeal Deals,Pepperoni Pizza Toastie
Subway15 – 25min4.4Very good(50+)AmericanSandwichesMeal Deals,Pepsi
Subway15 – 25min4.4Very good(50+)AmericanSandwichesMeal Deals,Pepsi Max
Subway15 – 25min4.4Very good(50+)AmericanSandwichesMeal Deals,Pepsi Max Cherry
Subway15 – 25min4.4Very good(50+)AmericanSandwichesMeal Deals,Rainbow
Subway15 – 25min4.4Very good(50+)AmericanSandwichesMeal Deals,Raspberry Cheesecake
Subway15 – 25min4.4Very good(50+)AmericanSandwichesMeal Deals,Rotisserie-Style Chicken
Subway15 – 25min4.4Very good(50+)AmericanSandwichesMeal Deals,Rotisserie-Style Chicken
Subway15 – 25min4.4Very good(50+)AmericanSandwichesMeal Deals,Rotisserie-Style Chicken Caesar Wrap
Subway15 – 25min4.4Very good(50+)AmericanSandwichesMeal Deals,Spicy Italian
Subway15 – 25min4.4Very good(50+)AmericanSandwichesMeal Deals,Spicy Italian
Subway15 – 25min4.4Very good(50+)AmericanSandwichesMeal Deals,Steak & Cheese
Subway15 – 25min4.4Very good(50+)AmericanSandwichesMeal Deals,Steak & Cheese
Subway15 – 25min4.4Very good(50+)AmericanSandwichesMeal Deals,Subway Melt
Subway15 – 25min4.4Very good(50+)AmericanSandwichesMeal Deals,Subway Melt
Subway15 – 25min4.4Very good(50+)AmericanSandwichesMeal Deals,Sweet Chilli Chicken
Subway15 – 25min4.4Very good(50+)AmericanSandwichesMeal Deals,Sweet Chilli Chicken
Subway15 – 25min4.4Very good(50+)AmericanSandwichesMeal Deals,Tuna
Subway15 – 25min4.4Very good(50+)AmericanSandwichesMeal Deals,Tuna
Subway15 – 25min4.4Very good(50+)AmericanSandwichesMeal Deals,Turkey
Subway15 – 25min4.4Very good(50+)AmericanSandwichesMeal Deals,Turkey
Subway15 – 25min4.4Very good(50+)AmericanSandwichesMeal Deals,Turkey Breast & Ham
Subway15 – 25min4.4Very good(50+)AmericanSandwichesMeal Deals,Turkey Breast & Ham
Subway15 – 25min4.4Very good(50+)AmericanSandwichesMeal Deals,"Turkey, Bacon & Guacamole Wrap"
Subway15 – 25min4.4Very good(50+)AmericanSandwichesMeal Deals,Veggie Delite
Subway15 – 25min4.4Very good(50+)AmericanSandwichesMeal Deals,Veggie Delite
Subway15 – 25min4.4Very good(50+)AmericanSandwichesMeal Deals,Veggie Patty
Subway15 – 25min4.4Very good(50+)AmericanSandwichesMeal Deals,Veggie Patty
Subway15 – 25min4.4Very good(50+)AmericanSandwichesMeal Deals,Walker Cheese & Onion Crisps
Subway15 – 25min4.4Very good(50+)AmericanSandwichesMeal Deals,Walker Ready Salted Crisps
Subway15 – 25min4.4Very good(50+)AmericanSandwichesMeal Deals,Walker Salt & Vinegar Crisps
Subway15 – 25min4.4Very good(50+)AmericanSandwichesMeal Deals,Water
Subway15 – 25min4.4Very good(50+)AmericanSandwichesMeal Deals,White Macadamia Nut
Supermac's10 – 20min4.2Very good(50+)BurgersAmericanPowerlist,5oz Beef Burger
Supermac's10 – 20min4.2Very good(50+)BurgersAmericanPowerlist,5oz Beef Burger
Supermac's10 – 20min4.2Very good(50+)BurgersAmericanPowerlist,5oz Beef Burger with Bacon & Cheese Burger
Supermac's10 – 20min4.2Very good(50+)BurgersAmericanPowerlist,5oz Beef Burger with Bacon & Cheese Burger
Supermac's10 – 20min4.2Very good(50+)BurgersAmericanPowerlist,7.5oz Burger
Supermac's10 – 20min4.2Very good(50+)BurgersAmericanPowerlist,7.5oz Burger
Supermac's10 – 20min4.2Very good(50+)BurgersAmericanPowerlist,Burger Meals (incl. fries + 330ml drink)
Supermac's10 – 20min4.2Very good(50+)BurgersAmericanPowerlist,Burger Meals (incl. fries + 330ml drink)
Supermac's10 – 20min4.2Very good(50+)BurgersAmericanPowerlist,Burger Sauce
Supermac's10 – 20min4.2Very good(50+)BurgersAmericanPowerlist,Cheese
Supermac's10 – 20min4.2Very good(50+)BurgersAmericanPowerlist,Cheese Burger
Supermac's10 – 20min4.2Very good(50+)BurgersAmericanPowerlist,Cheese Burger
Supermac's10 – 20min4.2Very good(50+)BurgersAmericanPowerlist,Cheese Fries
Supermac's10 – 20min4.2Very good(50+)BurgersAmericanPowerlist,Chicken Breast Sandwich
Supermac's10 – 20min4.2Very good(50+)BurgersAmericanPowerlist,Chicken Burger
Supermac's10 – 20min4.2Very good(50+)BurgersAmericanPowerlist,Chicken Family Box
Supermac's10 – 20min4.2Very good(50+)BurgersAmericanPowerlist,Chicken Lunch Box
Supermac's10 – 20min4.2Very good(50+)BurgersAmericanPowerlist,Chicken Lunch Box Meal (incl. large fries + drink)
Supermac's10 – 20min4.2Very good(50+)BurgersAmericanPowerlist,Chicken Meals (incl. fries + 330ml drink)
Supermac's10 – 20min4.2Very good(50+)BurgersAmericanPowerlist,Chicken Nuggets
Supermac's10 – 20min4.2Very good(50+)BurgersAmericanPowerlist,Chicken Snack Box
Supermac's10 – 20min4.2Very good(50+)BurgersAmericanPowerlist,Chicken Snack Box Meal (incl. large fries + drink)
Supermac's10 – 20min4.2Very good(50+)BurgersAmericanPowerlist,Chicken Tenders
Supermac's10 – 20min4.2Very good(50+)BurgersAmericanPowerlist,Chicken Wrap
Supermac's10 – 20min4.2Very good(50+)BurgersAmericanPowerlist,Chocolate Chip Cookies
Supermac's10 – 20min4.2Very good(50+)BurgersAmericanPowerlist,Chocolate Fondant Cookies
Supermac's10 – 20min4.2Very good(50+)BurgersAmericanPowerlist,Chocolate Milkshake
Supermac's10 – 20min4.2Very good(50+)BurgersAmericanPowerlist,Cod Meal (incl. large fries + reg drink)
Supermac's10 – 20min4.2Very good(50+)BurgersAmericanPowerlist,Coke
Supermac's10 – 20min4.2Very good(50+)BurgersAmericanPowerlist,Curry & Cheese Fries
Supermac's10 – 20min4.2Very good(50+)BurgersAmericanPowerlist,Curry Fries
Supermac's10 – 20min4.2Very good(50+)BurgersAmericanPowerlist,Curry Sauce
Supermac's10 – 20min4.2Very good(50+)BurgersAmericanPowerlist,Diet Coke
Supermac's10 – 20min4.2Very good(50+)BurgersAmericanPowerlist,Fanta
Supermac's10 – 20min4.2Very good(50+)BurgersAmericanPowerlist,Fresh Range Chicken Meal (incl fries + 330ml drink)
Supermac's10 – 20min4.2Very good(50+)BurgersAmericanPowerlist,Fries
Supermac's10 – 20min4.2Very good(50+)BurgersAmericanPowerlist,Garlic & Cheese Fries
Supermac's10 – 20min4.2Very good(50+)BurgersAmericanPowerlist,Garlic Fries
Supermac's10 – 20min4.2Very good(50+)BurgersAmericanPowerlist,Garlic Mayonnaise
Supermac's10 – 20min4.2Very good(50+)BurgersAmericanPowerlist,Garlic Pizza Bread with Cheese
Supermac's10 – 20min4.2Very good(50+)BurgersAmericanPowerlist,Kids Cheeseburger Meal
Supermac's10 – 20min4.2Very good(50+)BurgersAmericanPowerlist,Kids Chicken Piece Meal
Supermac's10 – 20min4.2Very good(50+)BurgersAmericanPowerlist,Kids Nugget Meal
Supermac's10 – 20min4.2Very good(50+)BurgersAmericanPowerlist,Kids Regular Burger Meal
Supermac's10 – 20min4.2Very good(50+)BurgersAmericanPowerlist,Kids Sausages Meal
Supermac's10 – 20min4.2Very good(50+)BurgersAmericanPowerlist,MAX Chicken Meal - Fresh Range (incl large fries + 500ml drink)
Supermac's10 – 20min4.2Very good(50+)BurgersAmericanPowerlist,MAX Chicken Meals (incl. fries + 500ml drink)
Supermac's10 – 20min4.2Very good(50+)BurgersAmericanPowerlist,MAX Cod Meal (incl. large fries + large drink)
Supermac's10 – 20min4.2Very good(50+)BurgersAmericanPowerlist,MAX Meals (incl large fries + 500ml drink)
Supermac's10 – 20min4.2Very good(50+)BurgersAmericanPowerlist,MAX Meals (incl large fries + 500ml drink)
Supermac's10 – 20min4.2Very good(50+)BurgersAmericanPowerlist,Meal A
Supermac's10 – 20min4.2Very good(50+)BurgersAmericanPowerlist,Meal B
Supermac's10 – 20min4.2Very good(50+)BurgersAmericanPowerlist,Mighty Mac Burger
Supermac's10 – 20min4.2Very good(50+)BurgersAmericanPowerlist,Mighty Mac Burger
Supermac's10 – 20min4.2Very good(50+)BurgersAmericanPowerlist,Mineral Water
Supermac's10 – 20min4.2Very good(50+)BurgersAmericanPowerlist,Muffin & Ice Cream
Supermac's10 – 20min4.2Very good(50+)BurgersAmericanPowerlist,New Veggie Burger
Supermac's10 – 20min4.2Very good(50+)BurgersAmericanPowerlist,Orange Juice
Supermac's10 – 20min4.2Very good(50+)BurgersAmericanPowerlist,Papa's Bites with Garlic dip
Supermac's10 – 20min4.2Very good(50+)BurgersAmericanPowerlist,Regular Burger
Supermac's10 – 20min4.2Very good(50+)BurgersAmericanPowerlist,Regular Burger
Supermac's10 – 20min4.2Very good(50+)BurgersAmericanPowerlist,Smokey Bacon Burger
Supermac's10 – 20min4.2Very good(50+)BurgersAmericanPowerlist,Smokey Bacon Burger
Supermac's10 – 20min4.2Very good(50+)BurgersAmericanPowerlist,Southern Fried Chicken
Supermac's10 – 20min4.2Very good(50+)BurgersAmericanPowerlist,Sprite
Supermac's10 – 20min4.2Very good(50+)BurgersAmericanPowerlist,Strawberry Milkshake
Supermac's10 – 20min4.2Very good(50+)BurgersAmericanPowerlist,Sundae
Supermac's10 – 20min4.2Very good(50+)BurgersAmericanPowerlist,Sweet Chilli
Supermac's10 – 20min4.2Very good(50+)BurgersAmericanPowerlist,Swirly
Supermac's10 – 20min4.2Very good(50+)BurgersAmericanPowerlist,Taco Fries
Supermac's10 – 20min4.2Very good(50+)BurgersAmericanPowerlist,Taco Topping
Supermac's10 – 20min4.2Very good(50+)BurgersAmericanPowerlist,Vanilla Milkshake
Supermac's10 – 20min4.2Very good(50+)BurgersAmericanPowerlist,Wholemeal Grilled Chicken Breast Sandwich
SuperSubs15 – 25min3.9Good(50+)SaladsSandwichesBreakfastAmerican,Beef Brisket
SuperSubs15 – 25min3.9Good(50+)SaladsSandwichesBreakfastAmerican,Brie'LT
SuperSubs15 – 25min3.9Good(50+)SaladsSandwichesBreakfastAmerican,Cajun Chicken
SuperSubs15 – 25min3.9Good(50+)SaladsSandwichesBreakfastAmerican,Chicken Caesar Salad
SuperSubs15 – 25min3.9Good(50+)SaladsSandwichesBreakfastAmerican,Chicken Mexicana Salad
SuperSubs15 – 25min3.9Good(50+)SaladsSandwichesBreakfastAmerican,Chipotle Chicken & Double Pepperoni Melt
SuperSubs15 – 25min3.9Good(50+)SaladsSandwichesBreakfastAmerican,Coke
SuperSubs15 – 25min3.9Good(50+)SaladsSandwichesBreakfastAmerican,Coke Zero
SuperSubs15 – 25min3.9Good(50+)SaladsSandwichesBreakfastAmerican,Double Chocolate Chip Cookie
SuperSubs15 – 25min3.9Good(50+)SaladsSandwichesBreakfastAmerican,Fanta
SuperSubs15 – 25min3.9Good(50+)SaladsSandwichesBreakfastAmerican,Italian Chicken Pesto
SuperSubs15 – 25min3.9Good(50+)SaladsSandwichesBreakfastAmerican,Italian Chicken Pesto Salad
SuperSubs15 – 25min3.9Good(50+)SaladsSandwichesBreakfastAmerican,Light Cajun Chicken - 231 Cals
SuperSubs15 – 25min3.9Good(50+)SaladsSandwichesBreakfastAmerican,Light Cajun Chicken - 231 Cals
SuperSubs15 – 25min3.9Good(50+)SaladsSandwichesBreakfastAmerican,Light Sweet Chilli Chicken - 248cals
SuperSubs15 – 25min3.9Good(50+)SaladsSandwichesBreakfastAmerican,Light Sweet Chilli Chicken - 248cals
SuperSubs15 – 25min3.9Good(50+)SaladsSandwichesBreakfastAmerican,Light Turkey & Ham - 242 Cals
SuperSubs15 – 25min3.9Good(50+)SaladsSandwichesBreakfastAmerican,Light Turkey & Ham - 242 Cals
SuperSubs15 – 25min3.9Good(50+)SaladsSandwichesBreakfastAmerican,Meat Feast Melt
SuperSubs15 – 25min3.9Good(50+)SaladsSandwichesBreakfastAmerican,Mineral Water
SuperSubs15 – 25min3.9Good(50+)SaladsSandwichesBreakfastAmerican,O'Donnells Cheese & Onion
SuperSubs15 – 25min3.9Good(50+)SaladsSandwichesBreakfastAmerican,O'Donnells Salt & Vinegar
SuperSubs15 – 25min3.9Good(50+)SaladsSandwichesBreakfastAmerican,Pulled Pork
SuperSubs15 – 25min3.9Good(50+)SaladsSandwichesBreakfastAmerican,Sprite
SuperSubs15 – 25min3.9Good(50+)SaladsSandwichesBreakfastAmerican,Texan Chicken & Bacon
SuperSubs15 – 25min3.9Good(50+)SaladsSandwichesBreakfastAmerican,The BLT
SuperSubs15 – 25min3.9Good(50+)SaladsSandwichesBreakfastAmerican,The Club
SuperSubs15 – 25min3.9Good(50+)SaladsSandwichesBreakfastAmerican,Tuna Melt
SuperSubs15 – 25min3.9Good(50+)SaladsSandwichesBreakfastAmerican,White Chocolate Chip Cookie
,
,
,
,
,
,
,
,
,
,
,
,
,
,
,
,
,
,
,
,
,
,
,
,
,
,
,
,
,
,
,
,
,
,
,
,
,
,
,
,
,
,
,
,
,
,
,
,
,
,
,
,
,
,
,
,
,
,
,
,
,
,
,
,
,
,
,
,
,
,
,
,
,
,
,
,
,
,
,
,
,
,
,
,
,
,
,
,
,
,
,
,
,
,
,
Token25 – 35min4.4Very good(50+)AmericanBurgersDrinksChickenNew,Any 3 Dips
Token25 – 35min4.4Very good(50+)AmericanBurgersDrinksChickenNew,Bacon Jam & Parmesan Fries (GF)
Token25 – 35min4.4Very good(50+)AmericanBurgersDrinksChickenNew,Basic Bitch
Token25 – 35min4.4Very good(50+)AmericanBurgersDrinksChickenNew,Basic Bitch
Token25 – 35min4.4Very good(50+)AmericanBurgersDrinksChickenNew,Beavertown Gamma Ray Pale Ale
Token25 – 35min4.4Very good(50+)AmericanBurgersDrinksChickenNew,Beavertown Lupuloid
Token25 – 35min4.4Very good(50+)AmericanBurgersDrinksChickenNew,Beavertown Neck Oil
Token25 – 35min4.4Very good(50+)AmericanBurgersDrinksChickenNew,Brewdog Elvis Juice Grapefruit IPA
Token25 – 35min4.4Very good(50+)AmericanBurgersDrinksChickenNew,Brewdog Punk IPA
Token25 – 35min4.4Very good(50+)AmericanBurgersDrinksChickenNew,Brooklyn Lager
Token25 – 35min4.4Very good(50+)AmericanBurgersDrinksChickenNew,Buffalove
Token25 – 35min4.4Very good(50+)AmericanBurgersDrinksChickenNew,Buffalove
Token25 – 35min4.4Very good(50+)AmericanBurgersDrinksChickenNew,Buffalove Sauce (VG) (GF)
Token25 – 35min4.4Very good(50+)AmericanBurgersDrinksChickenNew,Cans 0.33L
Token25 – 35min4.4Very good(50+)AmericanBurgersDrinksChickenNew,Cheesed Off
Token25 – 35min4.4Very good(50+)AmericanBurgersDrinksChickenNew,Cheesed Off
Token25 – 35min4.4Very good(50+)AmericanBurgersDrinksChickenNew,Chihuahua
Token25 – 35min4.4Very good(50+)AmericanBurgersDrinksChickenNew,Chihuahua
Token25 – 35min4.4Very good(50+)AmericanBurgersDrinksChickenNew,Churros
Token25 – 35min4.4Very good(50+)AmericanBurgersDrinksChickenNew,Devastating Love
Token25 – 35min4.4Very good(50+)AmericanBurgersDrinksChickenNew,Devastating Love
Token25 – 35min4.4Very good(50+)AmericanBurgersDrinksChickenNew,Founders Centennial IPA
Token25 – 35min4.4Very good(50+)AmericanBurgersDrinksChickenNew,Founders Rubaeus Raspberry Ale
Token25 – 35min4.4Very good(50+)AmericanBurgersDrinksChickenNew,Habanero Salsa Verde (VG) (GF)
Token25 – 35min4.4Very good(50+)AmericanBurgersDrinksChickenNew,Herb Fries (VG) (GF)
Token25 – 35min4.4Very good(50+)AmericanBurgersDrinksChickenNew,Hopfully BeetJuice (Big Can)
Token25 – 35min4.4Very good(50+)AmericanBurgersDrinksChickenNew,Hopfully Sakura Fresh Hop IPA (Big Can)
Token25 – 35min4.4Very good(50+)AmericanBurgersDrinksChickenNew,Jalapeno Crema (VG) (GF)
Token25 – 35min4.4Very good(50+)AmericanBurgersDrinksChickenNew,Magic Rock Common Ground Coffee Porter
Token25 – 35min4.4Very good(50+)AmericanBurgersDrinksChickenNew,Magic Rock Salty Kiss Gooseberry Gose
Token25 – 35min4.4Very good(50+)AmericanBurgersDrinksChickenNew,Magic Rock Saucery Gluten Free Session Ale
Token25 – 35min4.4Very good(50+)AmericanBurgersDrinksChickenNew,Main Chick
Token25 – 35min4.4Very good(50+)AmericanBurgersDrinksChickenNew,Out & In Burger
Token25 – 35min4.4Very good(50+)AmericanBurgersDrinksChickenNew,Plain Love
Token25 – 35min4.4Very good(50+)AmericanBurgersDrinksChickenNew,Plain Love
Token25 – 35min4.4Very good(50+)AmericanBurgersDrinksChickenNew,Queso (GF)
Token25 – 35min4.4Very good(50+)AmericanBurgersDrinksChickenNew,Seasonal Green Salad (VG) (GF)
Token25 – 35min4.4Very good(50+)AmericanBurgersDrinksChickenNew,Sheppy's Cloudy Craft Cider
Token25 – 35min4.4Very good(50+)AmericanBurgersDrinksChickenNew,Sierra Nevada California IPA
Token25 – 35min4.4Very good(50+)AmericanBurgersDrinksChickenNew,Sierra Nevada Otra Vez Lime Gose
Token25 – 35min4.4Very good(50+)AmericanBurgersDrinksChickenNew,Sierra Nevada Tropical Torpedo
Token25 – 35min4.4Very good(50+)AmericanBurgersDrinksChickenNew,Smoked Bacon Mac & Cheese Nuggets
Token25 – 35min4.4Very good(50+)AmericanBurgersDrinksChickenNew,Smoked Brisket Chilli Cheese Fries (GF)
Token25 – 35min4.4Very good(50+)AmericanBurgersDrinksChickenNew,Sticky Love
Token25 – 35min4.4Very good(50+)AmericanBurgersDrinksChickenNew,Sticky Love
Token25 – 35min4.4Very good(50+)AmericanBurgersDrinksChickenNew,Sticky Love Sauce (VG) (GF)
Token25 – 35min4.4Very good(50+)AmericanBurgersDrinksChickenNew,Sweet Potato Fries (VG) (GF)
Token25 – 35min4.4Very good(50+)AmericanBurgersDrinksChickenNew,The Bacon Cheebee
Token25 – 35min4.4Very good(50+)AmericanBurgersDrinksChickenNew,Token Burger Sauce (GF)
Token25 – 35min4.4Very good(50+)AmericanBurgersDrinksChickenNew,Token Hot Sauce (VG) (GF)
Token25 – 35min4.4Very good(50+)AmericanBurgersDrinksChickenNew,Umami Ketchup (VG) (GF)
Token25 – 35min4.4Very good(50+)AmericanBurgersDrinksChickenNew,Vegan & Chill (VG)
Token25 – 35min4.4Very good(50+)AmericanBurgersDrinksChickenNew,Vegan & Chill (VG)
Token25 – 35min4.4Very good(50+)AmericanBurgersDrinksChickenNew,Vegan Bitch (VG)
Token25 – 35min4.4Very good(50+)AmericanBurgersDrinksChickenNew,Vegan Bitch (VG)
Token25 – 35min4.4Very good(50+)AmericanBurgersDrinksChickenNew,Vegan Chick (VG)
Token25 – 35min4.4Very good(50+)AmericanBurgersDrinksChickenNew,Vegan Chilli Cheese Fries (GF)
Token25 – 35min4.4Very good(50+)AmericanBurgersDrinksChickenNew,Vegan Garlic Aioli (VG) (GF)
Token25 – 35min4.4Very good(50+)AmericanBurgersDrinksChickenNew,Vegan Queso (VG) (GF)
Token25 – 35min4.4Very good(50+)AmericanBurgersDrinksChickenNew,Vegan Spice Bag
Token25 – 35min4.4Very good(50+)AmericanBurgersDrinksChickenNew,Vegan Very Hot Fries (VG) (GF)
Token25 – 35min4.4Very good(50+)AmericanBurgersDrinksChickenNew,Very Hot Fries (GF)
Token25 – 35min4.4Very good(50+)AmericanBurgersDrinksChickenNew,Vit Hit
Token25 – 35min4.4Very good(50+)AmericanBurgersDrinksChickenNew,Water Bottle
Token25 – 35min4.4Very good(50+)AmericanBurgersDrinksChickenNew,Whiplash Body Riddle IPA
Token25 – 35min4.4Very good(50+)AmericanBurgersDrinksChickenNew,Whiplash Rollover Session IPA
Token25 – 35min4.4Very good(50+)AmericanBurgersDrinksChickenNew,White Hag Puca Berry Habiscus Sour
Token25 – 35min4.4Very good(50+)AmericanBurgersDrinksChickenNew,Wild Garlic Ranch (GF)
Wasabi Restaurant Sushi Bar,Fanta
Wasabi Restaurant Sushi Bar,Hot Philadelphia
Wasabi Restaurant Sushi Bar55 – 65min4.3Very good(50+)SushiJapaneseAmericanDessertMeal Deals,7 Up
Wasabi Restaurant Sushi Bar55 – 65min4.3Very good(50+)SushiJapaneseAmericanDessertMeal Deals,"Bottle of Wine (Red, Rose or White)"
Wasabi Restaurant Sushi Bar55 – 65min4.3Very good(50+)SushiJapaneseAmericanDessertMeal Deals,Brazil Especial
Wasabi Restaurant Sushi Bar55 – 65min4.3Very good(50+)SushiJapaneseAmericanDessertMeal Deals,Brazilian Pudim
Wasabi Restaurant Sushi Bar55 – 65min4.3Very good(50+)SushiJapaneseAmericanDessertMeal Deals,Caipirinhas
Wasabi Restaurant Sushi Bar55 – 65min4.3Very good(50+)SushiJapaneseAmericanDessertMeal Deals,California
Wasabi Restaurant Sushi Bar55 – 65min4.3Very good(50+)SushiJapaneseAmericanDessertMeal Deals,California
Wasabi Restaurant Sushi Bar55 – 65min4.3Very good(50+)SushiJapaneseAmericanDessertMeal Deals,Chicken Gyoza (6pcs)
Wasabi Restaurant Sushi Bar55 – 65min4.3Very good(50+)SushiJapaneseAmericanDessertMeal Deals,Chicken Stroganoff
Wasabi Restaurant Sushi Bar55 – 65min4.3Very good(50+)SushiJapaneseAmericanDessertMeal Deals,Chicken Wings (BBQ or Chilly)
Wasabi Restaurant Sushi Bar55 – 65min4.3Very good(50+)SushiJapaneseAmericanDessertMeal Deals,Churros Havana
Wasabi Restaurant Sushi Bar55 – 65min4.3Very good(50+)SushiJapaneseAmericanDessertMeal Deals,Coke
Wasabi Restaurant Sushi Bar55 – 65min4.3Very good(50+)SushiJapaneseAmericanDessertMeal Deals,Coke Zero
Wasabi Restaurant Sushi Bar55 – 65min4.3Very good(50+)SushiJapaneseAmericanDessertMeal Deals,Copacabna
Wasabi Restaurant Sushi Bar55 – 65min4.3Very good(50+)SushiJapaneseAmericanDessertMeal Deals,Copacabna
Wasabi Restaurant Sushi Bar55 – 65min4.3Very good(50+)SushiJapaneseAmericanDessertMeal Deals,Corcovado
Wasabi Restaurant Sushi Bar55 – 65min4.3Very good(50+)SushiJapaneseAmericanDessertMeal Deals,Corcovado
Wasabi Restaurant Sushi Bar55 – 65min4.3Very good(50+)SushiJapaneseAmericanDessertMeal Deals,Cork
Wasabi Restaurant Sushi Bar55 – 65min4.3Very good(50+)SushiJapaneseAmericanDessertMeal Deals,Cork
Wasabi Restaurant Sushi Bar55 – 65min4.3Very good(50+)SushiJapaneseAmericanDessertMeal Deals,Crab
Wasabi Restaurant Sushi Bar55 – 65min4.3Very good(50+)SushiJapaneseAmericanDessertMeal Deals,Cucumber
Wasabi Restaurant Sushi Bar55 – 65min4.3Very good(50+)SushiJapaneseAmericanDessertMeal Deals,Double Burger
Wasabi Restaurant Sushi Bar55 – 65min4.3Very good(50+)SushiJapaneseAmericanDessertMeal Deals,Dublin Grill
Wasabi Restaurant Sushi Bar55 – 65min4.3Very good(50+)SushiJapaneseAmericanDessertMeal Deals,Flambe Sushi
Wasabi Restaurant Sushi Bar55 – 65min4.3Very good(50+)SushiJapaneseAmericanDessertMeal Deals,Flambe Sushi
Wasabi Restaurant Sushi Bar55 – 65min4.3Very good(50+)SushiJapaneseAmericanDessertMeal Deals,Flambe Sushi
Wasabi Restaurant Sushi Bar55 – 65min4.3Very good(50+)SushiJapaneseAmericanDessertMeal Deals,Fresh Orange Juice
Wasabi Restaurant Sushi Bar55 – 65min4.3Very good(50+)SushiJapaneseAmericanDessertMeal Deals,Fries
Wasabi Restaurant Sushi Bar55 – 65min4.3Very good(50+)SushiJapaneseAmericanDessertMeal Deals,Fries with Bacon and Cheddar
Wasabi Restaurant Sushi Bar55 – 65min4.3Very good(50+)SushiJapaneseAmericanDessertMeal Deals,Grand Gateau
Wasabi Restaurant Sushi Bar55 – 65min4.3Very good(50+)SushiJapaneseAmericanDessertMeal Deals,Grilled Salmon
Wasabi Restaurant Sushi Bar55 – 65min4.3Very good(50+)SushiJapaneseAmericanDessertMeal Deals,Guarana
Wasabi Restaurant Sushi Bar55 – 65min4.3Very good(50+)SushiJapaneseAmericanDessertMeal Deals,Hot Banana with Nutella
Wasabi Restaurant Sushi Bar55 – 65min4.3Very good(50+)SushiJapaneseAmericanDessertMeal Deals,Hot Combo
Wasabi Restaurant Sushi Bar55 – 65min4.3Very good(50+)SushiJapaneseAmericanDessertMeal Deals,Hot Combo
Wasabi Restaurant Sushi Bar55 – 65min4.3Very good(50+)SushiJapaneseAmericanDessertMeal Deals,Hot Prawn
Wasabi Restaurant Sushi Bar55 – 65min4.3Very good(50+)SushiJapaneseAmericanDessertMeal Deals,Hot Roll
Wasabi Restaurant Sushi Bar55 – 65min4.3Very good(50+)SushiJapaneseAmericanDessertMeal Deals,Ice Tea Lemon
Wasabi Restaurant Sushi Bar55 – 65min4.3Very good(50+)SushiJapaneseAmericanDessertMeal Deals,Ireland Burguer
Wasabi Restaurant Sushi Bar55 – 65min4.3Very good(50+)SushiJapaneseAmericanDessertMeal Deals,Joe Salmon
Wasabi Restaurant Sushi Bar55 – 65min4.3Very good(50+)SushiJapaneseAmericanDessertMeal Deals,Joe Shimeji
Wasabi Restaurant Sushi Bar55 – 65min4.3Very good(50+)SushiJapaneseAmericanDessertMeal Deals,Leblon
Wasabi Restaurant Sushi Bar55 – 65min4.3Very good(50+)SushiJapaneseAmericanDessertMeal Deals,Leblon
Wasabi Restaurant Sushi Bar55 – 65min4.3Very good(50+)SushiJapaneseAmericanDessertMeal Deals,London Salad
Wasabi Restaurant Sushi Bar55 – 65min4.3Very good(50+)SushiJapaneseAmericanDessertMeal Deals,Mango and Cucumber
Wasabi Restaurant Sushi Bar55 – 65min4.3Very good(50+)SushiJapaneseAmericanDessertMeal Deals,Miso Soup
Wasabi Restaurant Sushi Bar55 – 65min4.3Very good(50+)SushiJapaneseAmericanDessertMeal Deals,Mix
Wasabi Restaurant Sushi Bar55 – 65min4.3Very good(50+)SushiJapaneseAmericanDessertMeal Deals,Morumbi
Wasabi Restaurant Sushi Bar55 – 65min4.3Very good(50+)SushiJapaneseAmericanDessertMeal Deals,Morumbi
Wasabi Restaurant Sushi Bar55 – 65min4.3Very good(50+)SushiJapaneseAmericanDessertMeal Deals,New York Parmegiana
Wasabi Restaurant Sushi Bar55 – 65min4.3Very good(50+)SushiJapaneseAmericanDessertMeal Deals,Nigiri
Wasabi Restaurant Sushi Bar55 – 65min4.3Very good(50+)SushiJapaneseAmericanDessertMeal Deals,Orchard Thieves
Wasabi Restaurant Sushi Bar55 – 65min4.3Very good(50+)SushiJapaneseAmericanDessertMeal Deals,Pão De Açucar
Wasabi Restaurant Sushi Bar55 – 65min4.3Very good(50+)SushiJapaneseAmericanDessertMeal Deals,Pão De Açucar
Wasabi Restaurant Sushi Bar55 – 65min4.3Very good(50+)SushiJapaneseAmericanDessertMeal Deals,Paris Risoto
Wasabi Restaurant Sushi Bar55 – 65min4.3Very good(50+)SushiJapaneseAmericanDessertMeal Deals,Peroni Bottle
Wasabi Restaurant Sushi Bar55 – 65min4.3Very good(50+)SushiJapaneseAmericanDessertMeal Deals,Petit Gateau
Wasabi Restaurant Sushi Bar55 – 65min4.3Very good(50+)SushiJapaneseAmericanDessertMeal Deals,Picanha Burger
Wasabi Restaurant Sushi Bar55 – 65min4.3Very good(50+)SushiJapaneseAmericanDessertMeal Deals,Porto Risoto
Wasabi Restaurant Sushi Bar55 – 65min4.3Very good(50+)SushiJapaneseAmericanDessertMeal Deals,Prawn and Avocado
Wasabi Restaurant Sushi Bar55 – 65min4.3Very good(50+)SushiJapaneseAmericanDessertMeal Deals,Prawns
Wasabi Restaurant Sushi Bar55 – 65min4.3Very good(50+)SushiJapaneseAmericanDessertMeal Deals,Prawns
Wasabi Restaurant Sushi Bar55 – 65min4.3Very good(50+)SushiJapaneseAmericanDessertMeal Deals,Prawns Tempura
Wasabi Restaurant Sushi Bar55 – 65min4.3Very good(50+)SushiJapaneseAmericanDessertMeal Deals,Rainbow Roll
Wasabi Restaurant Sushi Bar55 – 65min4.3Very good(50+)SushiJapaneseAmericanDessertMeal Deals,Rio Combo
Wasabi Restaurant Sushi Bar55 – 65min4.3Very good(50+)SushiJapaneseAmericanDessertMeal Deals,Rio Combo
Wasabi Restaurant Sushi Bar55 – 65min4.3Very good(50+)SushiJapaneseAmericanDessertMeal Deals,Rio Picanha
Wasabi Restaurant Sushi Bar55 – 65min4.3Very good(50+)SushiJapaneseAmericanDessertMeal Deals,Salmon
Wasabi Restaurant Sushi Bar55 – 65min4.3Very good(50+)SushiJapaneseAmericanDessertMeal Deals,Salmon
Wasabi Restaurant Sushi Bar55 – 65min4.3Very good(50+)SushiJapaneseAmericanDessertMeal Deals,Salmon
Wasabi Restaurant Sushi Bar55 – 65min4.3Very good(50+)SushiJapaneseAmericanDessertMeal Deals,Salmon and Avocado
Wasabi Restaurant Sushi Bar55 – 65min4.3Very good(50+)SushiJapaneseAmericanDessertMeal Deals,Salmon and Avocado
Wasabi Restaurant Sushi Bar55 – 65min4.3Very good(50+)SushiJapaneseAmericanDessertMeal Deals,Salmon Carpaccio
Wasabi Restaurant Sushi Bar55 – 65min4.3Very good(50+)SushiJapaneseAmericanDessertMeal Deals,Salmon Furai
Wasabi Restaurant Sushi Bar55 – 65min4.3Very good(50+)SushiJapaneseAmericanDessertMeal Deals,Salmon Shimeji with Philadelphia
Wasabi Restaurant Sushi Bar55 – 65min4.3Very good(50+)SushiJapaneseAmericanDessertMeal Deals,Salmon With Cheese
Wasabi Restaurant Sushi Bar55 – 65min4.3Very good(50+)SushiJapaneseAmericanDessertMeal Deals,Salmon with Cream Cheese
Wasabi Restaurant Sushi Bar55 – 65min4.3Very good(50+)SushiJapaneseAmericanDessertMeal Deals,São Paulo Steak
Wasabi Restaurant Sushi Bar55 – 65min4.3Very good(50+)SushiJapaneseAmericanDessertMeal Deals,Sashimi
Wasabi Restaurant Sushi Bar55 – 65min4.3Very good(50+)SushiJapaneseAmericanDessertMeal Deals,Sashimi Platter
Wasabi Restaurant Sushi Bar55 – 65min4.3Very good(50+)SushiJapaneseAmericanDessertMeal Deals,Sashimi Platter
Wasabi Restaurant Sushi Bar55 – 65min4.3Very good(50+)SushiJapaneseAmericanDessertMeal Deals,Shimeji
Wasabi Restaurant Sushi Bar55 – 65min4.3Very good(50+)SushiJapaneseAmericanDessertMeal Deals,Skin
Wasabi Restaurant Sushi Bar55 – 65min4.3Very good(50+)SushiJapaneseAmericanDessertMeal Deals,Skin
Wasabi Restaurant Sushi Bar55 – 65min4.3Very good(50+)SushiJapaneseAmericanDessertMeal Deals,Small Coxinhas (4pcs)
Wasabi Restaurant Sushi Bar55 – 65min4.3Very good(50+)SushiJapaneseAmericanDessertMeal Deals,Small Wine (Red or White)
Wasabi Restaurant Sushi Bar55 – 65min4.3Very good(50+)SushiJapaneseAmericanDessertMeal Deals,Spring Rolls
Wasabi Restaurant Sushi Bar55 – 65min4.3Very good(50+)SushiJapaneseAmericanDessertMeal Deals,Sunomo
Wasabi Restaurant Sushi Bar55 – 65min4.3Very good(50+)SushiJapaneseAmericanDessertMeal Deals,Sweet Potato Fries
Wasabi Restaurant Sushi Bar55 – 65min4.3Very good(50+)SushiJapaneseAmericanDessertMeal Deals,Tuna
Wasabi Restaurant Sushi Bar55 – 65min4.3Very good(50+)SushiJapaneseAmericanDessertMeal Deals,Tuna
Wasabi Restaurant Sushi Bar55 – 65min4.3Very good(50+)SushiJapaneseAmericanDessertMeal Deals,Vegetarian
Wasabi Restaurant Sushi Bar55 – 65min4.3Very good(50+)SushiJapaneseAmericanDessertMeal Deals,Vegetarian
Wasabi Restaurant Sushi Bar55 – 65min4.3Very good(50+)SushiJapaneseAmericanDessertMeal Deals,Vegetarian
Wasabi Restaurant Sushi Bar55 – 65min4.3Very good(50+)SushiJapaneseAmericanDessertMeal Deals,Veggie Make
Wasabi Restaurant Sushi Bar55 – 65min4.3Very good(50+)SushiJapaneseAmericanDessertMeal Deals,Wasabi Beer
Wasabi Restaurant Sushi Bar55 – 65min4.3Very good(50+)SushiJapaneseAmericanDessertMeal Deals,Wasabi Salad
Wasabi Restaurant Sushi Bar55 – 65min4.3Very good(50+)SushiJapaneseAmericanDessertMeal Deals,Wicklow
Wasabi Restaurant Sushi Bar55 – 65min4.3Very good(50+)SushiJapaneseAmericanDessertMeal Deals,Wicklow
